:020000040800F2
:1000000000000220FD0E0008F90E00082943000838
:10001000F90E0008F90E0008F90E000800000000B3
:10002000000000000000000000000000F90E0008C1
:10003000F90E000800000000F90E0008AD420008AB
:10004000F90E0008F90E0008F90E0008F90E000874
:10005000F90E0008F90E0008F90E0008F90E000864
:10006000F90E0008F90E0008F90E0008B13E00086C
:10007000BD3E0008B92B0008C93E0008D53E000867
:1000800051E3000889330008F90E0008F90E000852
:10009000F90E0008F90E0008F90E0008F90E000824
:1000A000F90E0008F90E0008F90E0008F90E000814
:1000B0006DD7000879D7000885D70008B933000844
:1000C000F90E0008C5330008F90E000825D0000815
:1000D00031D0000861E1000891E10008C9E10008A1
:1000E000F90E0008F90E000800000000F90E0008E3
:1000F000F90E0008F90E0008F90E0008F90E0008C4
:10010000F90E0008F90E000891D700083DD000084C
:1001100001E2000839E20008F90E0008F90E0008B3
:10012000F90E0008F90E000861D0000895D000080B
:1001300085E30008F90E0008F90E0008F90E000822
:1001400000000000000000000000000000000000AF
:10015000F90E0008F90E0008F90E000871E2000817
:10016000D1330008F90E0008BD420008E142000842
:10017000F90E000805430008F90E0008F90E000802
:10018000F90E0008F90E0008A9E20008E1E20008F3
:1001900049D0000855D00008F90E0008F90E0008F3
:1001A000F90E0008F90E0008F90E0008F90E000813
:1001B000293B0008F90E0008F90E0008F90E0008A6
:1001C000F90E0008F90E0008F90E0008F90E0008F3
:1001D000F90E0008F90E0008F90E0008F90E0008E3
:1001E000F90E0008F90E0008F90E0008F90E0008D3
:1001F000F90E0008F90E0008F90E0008F90E0008C3
:10020000F90E0008F90E0008F90E0008F90E0008B2
:10021000F90E0008F90E0008F90E0008F90E0008A2
:10022000F90E0008F90E0008F90E000800000000A1
:10023000F90E0008F90E000800000000F90E000891
:10024000F90E0008F90E0008F90E0008F90E000872
:10025000F90E0008F90E0008F90E0008F90E000862
:10026000F90E0008F90E0008F90E0008F90E000852
:10027000F90E0008F90E000819E30008000000005C
:10028000F90E0008F90E0008F90E00080000000041
:0802900000000000F90E000857
:100298000348044B834202D0034B03B1184770470D
:1002A800CC030024CC030024000000000548064BC2
:1002B8001B1AD90F01EBA301491002D0034B03B15C
:1002C80018477047CC030024CC030024000000002A
:1002D80010B5064C237843B9FFF7DAFF044B13B186
:1002E8000448AFF300800123237010BDD00300241D
:1002F800000000006C0C010808B5044B1BB1044950
:100308000448AFF30080BDE80840CFE700000000D4
:10031800D40300246C0C010830B510EE104AC4F365
:100328000A53B3F57D7FB7EEC07A83B019D227EEB2
:10033800075BB3F5667F6CD327EE052B25EE021B12
:10034800694B93ED1A3B93ED186B93ED164BA5EEA5
:10035800036BA2EE047BA6EE017BB7EEC70B03B0DE
:1003680030BD40F22E4293425BD85F4991ED086B55
:1003780027EE066BFDEEC66B91ED0A5B16EE903A22
:1003880003F500031B1613F0020F06EE903A01F175
:10039800700208BF0A46D807B8EEE66BA6EE457BA2
:1003A80027EE076B1BD403F0030301EBC30191EDA8
:1003B800002B92ED1A4B92ED185B92ED163BA6EED0
:1003C800045B27EE027B27EE064B26EE046BA4EEB9
:1003D800037BA5EE067BB7EEC70B03B030BD92EDED
:1003E800142B26EE065B92ED127B92ED0E3BA6EEE9
:1003F800027B92ED0C0B92ED104BA6EE030B26EE52
:10040800056BA5EE040BA7EE060BB7EEC00B03B009
:1004180030BD14F0FF4F04BFB7EEC55B8DED015A38
:10042800DBE7B3F5FF6F3BD2304BC4F3836203EBDA
:10043800820153F82220C4F31603C4F3C25043F4D4
:1004480000038340086A0969A0FB035003FB02F21A
:10045800E3FB010202F100518D0F01F04041511AF6
:1004680000F0A0FB224B9FED1E6B05EBD47441EC12
:10047800170B14F0020FA3F1700208BF1346E90727
:1004880027EE067B27EE076B0FD402EBC40292ED32
:10049800002B93ED1A4B93ED185B93ED163B8EE70B
:1004A80003B0BDE8304000F063B893ED141B26EEAE
:1004B800064B93ED125B93ED0E2BA6EE015B93EDCD
:1004C8000C7B93ED103BA6EE027B26EE046BA4EEAC
:1004D800037BA5EE067BB7EEC70B7EE7AFF3008084
:1004E800182D4454FB21193C780901081809010802
:1004F800E809010810B52DED028BB0EE408A0446DC
:1005080000F0BEF8B0EE480ABDEC028B046010BDE6
:1005180028B1F1EE407A27EE800A2220EAE7F0EED1
:10052800407A27EE800A2220E4E700BF9FED010A07
:10053800EEE700BF000000109FED010AE8E700BFEA
:100548000000201A9FED010AE2E700BF00000070DA
:100558009FED060AF7EE007ABFEE007A00284FF00A
:10056800220047FE877A87EE800AC3E70000000072
:10057800F0EE407A30EE407AF4EE677AF1EE10FA57
:1005880087EE070A01D62120B4E7704770B50F4BF4
:100598000F4DAB42A3EB050607D0B610002455F863
:1005A800043B01349847A642F9D810F04FFB094D97
:1005B800094B5E1BAB424FEAA60606D0002455F84D
:1005C800043B01349847A642F9D870BD740C010861
:1005D800740C0108740C0108980C0108830730B5E5
:1005E80047D0541E002A3ED0CAB2034601E0013C5F
:1005F80039D303F8012B9D07F9D1032C2CD9CDB29F
:1006080005EB05250F2C05EB054535D9A4F110029E
:1006180022F00F0C03F1100EE6444FEA121C1A46A2
:10062800C2E90055C2E9025510327245F8D10CF101
:10063800010214F00C0F03EB021204F00F0C13D09C
:10064800ACF1040323F003030433134442F8045BBE
:100658009342FBD10CF003042CB1C9B21C4403F83B
:10066800011BA342FBD130BD64461346002CF4D1D4
:10067800F9E703461446C0E71A46A446E0E700BF78
:10068800014B1868704700BF0400002410B5054CE2
:1006980034B113460A460146022000F09FF810BD07
:1006A800204610BDE5070008844641EA000313F020
:1006B80003036DD1403A41D351F8043B40F8043B61
:1006C80051F8043B40F8043B51F8043B40F8043B24
:1006D80051F8043B40F8043B51F8043B40F8043B14
:1006E80051F8043B40F8043B51F8043B40F8043B04
:1006F80051F8043B40F8043B51F8043B40F8043BF4
:1007080051F8043B40F8043B51F8043B40F8043BE3
:1007180051F8043B40F8043B51F8043B40F8043BD3
:1007280051F8043B40F8043B51F8043B40F8043BC3
:1007380051F8043B40F8043B403ABDD2303211D363
:1007480051F8043B40F8043B51F8043B40F8043BA3
:1007580051F8043B40F8043B51F8043B40F8043B93
:10076800103AEDD20C3205D351F8043B40F8043B63
:10077800043AF9D2043208D0D2071CBF11F8013B61
:1007880000F8013B01D30B8803806046704700BF27
:10079800082A13D38B078DD010F003038AD0C3F136
:1007A8000403D21ADB071CBF11F8013B00F8013B18
:1007B80080D331F8023B20F8023B7BE7043AD9D3D7
:1007C800013A11F8013B00F8013BF9D20B780370AC
:1007D8004B7843708B78837060467047F0B5264C31
:1007E800256883B006460F4605B36C681F2C3FDCAE
:1007F800A6B1D5F8880048B3D0F8001140F82420F5
:100808004FF0010C0CFA04FC00EB84024CEA0101E5
:10081800022EC0F80011C2F8803010D0A31C013499
:100828006C6045F82370002003B0F0BD13481449EC
:10083800216010B10068C1F88800114DD5E7D0F8E3
:10084800043143EA0C03C0F80431E7E70D49CDE968
:10085800002369B14FF48470AFF3008040B10021E8
:10086800C0E94011DDE900236C68C5F88800C5E7D8
:100878004FF0FF30D8E700BFBC060024580A010833
:10088800300600240000000081F0004102E000BFB3
:1008980083F0004330B54FEA41044FEA430594EA38
:1008A800050F08BF90EA020F1FBF54EA000C55EA73
:1008B800020C7FEA645C7FEA655C00F0E2804FEA44
:1008C8005454D4EB5555B8BF6D420CDD2C4480EA26
:1008D800020281EA030382EA000083EA010180EA56
:1008E800020281EA0303362D88BF30BD11F0004FA4
:1008F8004FEA01314FF4801C4CEA113102D04042DA
:1009080061EB410113F0004F4FEA03334CEA133314
:1009180002D0524263EB430394EA050F00F0A7802C
:10092800A4F10104D5F1200E0DDB02FA0EFC22FA27
:1009380005F2801841F1000103FA0EF2801843FA1B
:1009480005F359410EE0A5F120050EF1200E012A0C
:1009580003FA0EFC28BF4CF0020C43FA05F3C0184A
:1009680051EBE37101F0004507D54FF0000EDCF1C3
:10097800000C7EEB00006EEB0101B1F5801F1BD36C
:10098800B1F5001F0CD349085FEA30004FEA3C0C70
:1009980004F101044FEA445212F5800F80F09A8066
:1009A800BCF1004F08BF5FEA500C50F1000041EB6A
:1009B800045141EA050130BD5FEA4C0C404141EB6E
:1009C8000101013C28BFB1F5801FE9D291F0000F69
:1009D80004BF01460020B1FA81F308BF2033A3F118
:1009E8000B03B3F120020CDA0C3208DD02F1140C0F
:1009F800C2F10C0201FA0CF021FA02F10CE002F14A
:100A08001402D8BFC2F1200C01FA02F120FA0CFC42
:100A1800DCBF41EA0C019040E41AA2BF01EB04518B
:100A2800294330BD6FEA04041F3C1CDA0C340EDC89
:100A380004F11404C4F1200220FA04F001FA02F3CC
:100A480040EA030021FA04F345EA030130BDC4F18A
:100A58000C04C4F1200220FA02F001FA04F340EA7F
:100A68000300294630BD21FA04F0294630BD94F030
:100A7800000F83F4801306BF81F480110134013D17
:100A88004EE77FEA645C18BF7FEA655C29D094EA88
:100A9800050F08BF90EA020F05D054EA000C04BF06
:100AA8001946104630BD91EA030F1EBF00210020F1
:100AB80030BD5FEA545C05D14000494128BF41F090
:100AC800004130BD14F580043CBF01F5801130BDF4
:100AD80001F0004545F0FE4141F470014FF000007F
:100AE80030BD7FEA645C1ABF194610467FEA655C30
:100AF8001CBF0B46024650EA013406BF52EA0335D2
:100B080091EA030F41F4002130BD00BF90F0000FBF
:100B180004BF0021704730B54FF4806404F13204FB
:100B28004FF000054FF0000150E700BF90F0000FB4
:100B380004BF0021704730B54FF4806404F13204DB
:100B480010F0004548BF40424FF000013EE700BFAB
:100B580042004FEAE2014FEA31014FEA02701FBF3B
:100B680012F07F4393F07F4F81F06051704732F06D
:100B78007F4208BF704793F07F4F04BF41F40021C4
:100B8800704730B54FF4607401F0004521F0004122
:100B98001CE700BF50EA010208BF704730B54FF0AC
:100BA80000050AE050EA010208BF704730B511F0AD
:100BB800004502D5404261EB41014FF4806404F1E5
:100BC80032045FEA915C3FF4D8AE4FF003025FEA6B
:100BD800DC0C18BF03325FEADC0C18BF033202EBEF
:100BE800DC02C2F1200300FA03FC20FA02F001FA49
:100BF80003FE40EA0E0021FA02F11444BDE600BFEC
:100C080053B94AB9002908BF00281CBF4FF0FF316B
:100C18004FF0FF3000F06AB9ADF1080C6DE904CE71
:100C280000F006F8DDF804E0DDE9022304B07047BF
:100C38002DE9F047089D0E4604460F46002B4AD181
:100C480094468C45B2FA82F260D942B1C2F12003CF
:100C5800974020FA03F30CFA02FC1F4394404FEA32
:100C68001C4E1FFA8CF6B7FBFEF1230C0EFB117716
:100C780043EA074301FB06F098420AD91CEB030339
:100C880001F1FF3780F01581984240F21281023954
:100C980063441B1AA4B2B3FBFEF00EFB103344EA04
:100CA800034400FB06F6A6420AD91CEB040400F133
:100CB800FF3380F00081A64240F2FD806444023890
:100CC80040EA0140A41B00211DB1D4400023C5E91E
:100CD8000043BDE8F0878B4205D90DB1C5E9000195
:100CE80000210846F5E7B3FA83F1002946D1B3425B
:100CF80002D3824200F2F580841A66EB03020120D7
:100D08001746002DE5D0C5E90047E2E7002A40F084
:100D18009380A1EB0C034FEA1C471FFA8CFE0121BC
:100D2800B3FBF7F607FB1630230C43EA00430EFB30
:100D380006F0984208D91CEB030306F1FF3802D2EB
:100D4800984200F2D08046461B1AA4B2B3FBF7F0D3
:100D580007FB103344EA03440EFB00FEA64508D9FE
:100D68001CEB040400F1FF3302D2A64500F2B68062
:100D78001846A4EB0E0440EA0640A5E7C1F1200797
:100D88008B4022FA07FC4CEA030C06FA01FE20FA13
:100D980007F426FA07F344EA0E0400FA01F84FEACA
:100DA8001C404FEA1449B3FBF0FE1FFA8CF600FB17
:100DB8001E3349EA03430EFB06F9994502FA01F28C
:100DC8000BD91CEB03030EF1FF3A80F0858099459F
:100DD80040F28280AEF1020E6344A3EB0909A4B28B
:100DE800B9FBF0F300FB139944EA094403FB06F648
:100DF800A64208D91CEB040403F1FF3068D2A642CE
:100E080066D9023B644443EA0E40A41BA0FB02E6F9
:100E1800B4427346B14652D34FD05DB1B8EB03022A
:100E280064EB090404FA07F722FA01F31F43CC40E4
:100E3800C5E9007400214CE7C2F1200120FA01F352
:100E48000CFA02FC26FA01F1964033434FEA1C479C
:100E58001FFA8CFEB1FBF7F007FB1016190C41EADC
:100E6800064100FB0EF68E4204FA02F408D91CEB88
:100E7800010100F1FF382DD28E422BD9023861448E
:100E8800891B9BB2B1FBF7F607FB161143EA014336
:100E980006FB0EF1994208D91CEB030306F1FF3853
:100EA80014D2994212D9023E63445B1A46EA0041C1
:100EB80036E73946EDE6184602E7F045ADD2BEEB17
:100EC800020366EB0C060138B146A6E74646ECE796
:100ED800034698E74046D3E7D6467EE7644402389F
:100EE80047E708460DE7023E63442DE7704700BF19
:100EF800FEE700BF0B480C4A904203D0121A0B4978
:100F0800FFF7D2FB0A480B4A904203D0121A00217D
:100F1800FFF764FB03F054FCFFF738FB00F026F8FA
:100F2800FEE700BF00000024CC0300249C0C01084D
:100F3800D003002458340024704700BF704700BF16
:100F48008AB1013A70B50C4600255608064808349F
:100F58000FF01CFBB54204ED020A05F1010504ED92
:100F6800010AF3D170BD7047C006002430B530487F
:100F780087B000F089F800212D48002500F07EF99F
:100F880004212B4800F0A4F8294800F09DF8F7EE5A
:100F9800006AF0EE407A274C4FF07C5300229FED18
:100FA800260A204686EEA77AC4ED047AA261636019
:100FB800E36084ED020A84ED057A0FF081FC40F2CB
:100FC8000113172084ED070A2385257000F05EF8C9
:100FD800ADF80000022201A8009901F071FB04237A
:100FE800012216480DEB030101F07EFB134801F0C6
:100FF80071FD9FED130A2046257084ED020A0FF05B
:101008005FFC104B10490A4884ED070A636000F042
:1010180053F80021094801F071FD0B49044884ED9B
:10102800010A00F04DF8012003F0EAF9F1E700BFEA
:10103800EC060024C00600240000C842040700246F
:101048000000DC43CDCCCC3D490F000810B5094C5D
:101058000023094822460949036043610362C363C8
:101068000FF034FC224606490648BDE810400FF050
:101078002DBC00BF00000024EC060024450F00082A
:10108800410F0008C0060024704700BF202882B026
:1010980009D8084B03EB400213F81030507843EAA4
:1010A800002002B0704701230C2043EA002002B060
:1010B800704700BF5C0A0108143001F0D1BA00BFC4
:1010C800143001F0E3BA00BF143001F0C5BA00BF14
:1010D80038B500F1140504462DED028B284601F0C1
:1010E800ADFA284601F0B8FA2846B0EE408A01F079
:1010F800A1FAD0ED007AF8EE677A88EE277ABDEC8F
:10110800028B84ED0E7A38BD10B540F203318EB0F3
:1011180000244FF60B7340F20342ADF80810029911
:1011280009A8ADF81030ADF824300123ADF80C2033
:101138002246009407940C94CDE90544CDE90A446D
:1011480001F0CCFD04A8012322460399009401F084
:10115800C5FD09A801F0D0FE10B901200EB010BDE0
:1011680004A801F0C9FE80F00100C0B240000EB032
:1011780010BD00BF2DE9F04103239AB001270024D8
:10118800149306463A4B1094119340F20453159762
:10119800ADF84830CDE91647FFF7B6FFB842054627
:1011A80043D0022832D1334B40F601320DF12C08DE
:1011B8000094CDF84A304FF60B73ADF8182040462E
:1011C80006993A46ADF82C3023460E94CDE91847D7
:1011D800CDE90C4401F082FD2146404601F098FE1D
:1011E80010A906F13C0002F0EBFE302003224FF07C
:1011F8007E5341460D930E93CDE90B02F26B06F137
:10120800140001F0DFF91AB0BDE8F08140F60132B0
:10121800184B0DF12C08ADF82C200B98CDF84A305E
:10122800CDE9184700F0A4F8DAE71023114A06A917
:1012380006908DF828300DF12C080F4BCDF84A2078
:1012480009940294CDE90730CDE9180402A802F008
:10125800C1F80823029A03A94046ADF80C508DF84E
:101268000E40049505930B9400F0C0F8B8E700BF52
:1012780004020404040604030704010B2DE9F041E9
:10128800394B0446394D40F20112012704F1040894
:101298002DED028B456082B0A36003F58133ADF874
:1012A800042040F2027203F580730020A4F8252080
:1012B800E36040F606632782A4F8293084F8277093
:1012C80084F82B7000918DF8060003F02FFA05467C
:1012D80003F098F86946064610BB0DB304F13000D8
:1012E8008DF8067003F0AAF9072D2ED104F1140524
:1012F8002046FFF73FFF284601F0AEF92846B0EE3A
:10130800408A01F097F9D0ED007AF8EE677A88EE16
:10131800277A84ED0E7A02B0BDEC028BBDE8F0812D
:1013280004F1300003F08AF9072D13D1002EDDD027
:1013380004F1250001F0F6FD04F1290001F0F2FDA9
:1013480004F1120000F074F9D0E74146204602F09B
:101358006FFACBE74146204602F06AFA002EE7D141
:10136800002DE5D0C2E700BF0507050605080509F9
:1013780010B584B00346012403A8ADF80C30ADF8CD
:101388000E4001F0CFFD214603A801F0A9FE20463A
:1013980003F036F8002103A801F0A2FE204603F06E
:1013A8002FF8214603A801F09BFE04B010BD00BF32
:1013B80010B5C2F3002384B00C46017C8DF80D20D3
:1013C80043EA4402FA2402238DF80C2003AA00946D
:1013D80002F090F818B10124204604B010BD04466C
:1013E8000A2003F00DF8204604B010BD034670B57E
:1013F80043F8042B044684B0FA2507C983E807009C
:10140800A1791E23009503AA1A31ADF80C302046A5
:101418000223C9B2217402F06DF810B1012004B0A2
:1014280070BD0A2002F0ECFF4FF4B8520095022379
:10143800ADF80C20204603AA217C02F05BF80028B6
:10144800ECD10A2002F0DCFF41F20272009502237F
:10145800ADF80C20204603AA217C02F04BF80028A6
:10146800DCD10A2002F0CCFF042200950223ADF85B
:101478000C20204603AA217C02F03CF80028CDD19C
:101488000A2002F0BDFF062200950223ADF80C20C9
:10149800204603AA217C02F02DF80028BED10A209C
:1014A80002F0AEFF41F2082200950223ADF80C20AD
:1014B800204603AA217C02F01DF80028AED10A209C
:1014C8000A2602F09DFF0095022303AA217C2046EC
:1014D800ADF80C6002F00EF800289FD1304602F0FB
:1014E8008FFF23790C220095002B217C8DF80C208E
:1014F800204614BF622342236A448DF80D3002232C
:1015080001F0F8FF002889D1304602F079FFA3687E
:1015180000952046E268217C13432279DBB282F0F1
:10152800010243EA82136279524202F02002134315
:101538000E228DF80D3002238DF80C2003AA01F03D
:10154800D9FF00287FF46AAF304602F059FF102215
:1015580000950223ADF80C20204603AA217C01F057
:10156800C9FF00287FF45AAF304602F049FF122124
:1015780000950223ADF80C1003AA217C204601F047
:10158800B9FF00287FF44AAF304602F039FF012244
:1015980009212046FFF70CFF003818BF01203EE75D
:1015A800F0B5214D87B000240126102702A94FF479
:1015B800805228460194CDE90267CDE9046409F018
:1015C800D7FE642003F046FB022302A94FF48052A1
:1015D800284602930594CDE9037609F0C9FE042351
:1015E80002A94FF4805228460397CDE90434032317
:1015F800029309F0BDFE40F23223042202A92846D4
:10160800019310230496CDE90223019B4FF48052E5
:10161800059309F0ADFE40F60601284609F0C8FE1C
:10162800204607B0F0BD00BF3407002400000000CA
:1016380070B51F4B88B008221E4E00214FF400647D
:101648001A614FF0020C03920A225E60202606926D
:101658004022054699600320196210215C6201242A
:10166800C3E905624FF4C072DC60DA6107229FEDBE
:101678000E7BCDE900C20422CDE904016946181D9C
:10168800029283ED0A7B09F049FE38B92846FFF734
:1016980087FF003818BF012008B070BD204608B089
:1016A80070BD00BFAFF30080001000000000000014
:1016B80030070024404100525E4A0023F0B5146808
:1016C8008FB00A93002C40F0B2805B4B01210326B7
:1016D8000C2511600227D3F8D420584842F48052D0
:1016E800C3F8D420D3F8D42002F480520092009A90
:1016F800D3F8E02042F01002C3F8E020D3F8E0204D
:1017080002F010020192019AD3F8E02042F0400260
:10171800C3F8E020D3F8E02002F040020292029AD7
:10172800D3F8E02042F00802C3F8E020D3F8E02024
:1017380002F008020392039AD3F8E02042F4807280
:10174800C3F8E020D3F8E02002F480720492049AEF
:10175800D3F8E02042F08002C3F8E020D3F8E0207C
:1017680002F080020592059AD3F8E02042F02002A8
:10177800C3F8E020D3F8E02002F020020692069A8F
:10178800D3F8E02042F00402C3F8E0204FF6837259
:10179800D3F8E0300B9603F004030C95079302236B
:1017A800079908A9CDE9082304F06CFF48F237131C
:1017B80008A9234808930C950997CDE90A4604F02F
:1017C80061FF4CF2037308A91E480893CDE9097418
:1017D800CDE90B6504F056FF40F2FF6308A91A48EB
:1017E8000893CDE90974CDE90B6504F04BFF4FF67A
:1017F8000C7308A915480893CDE90974CDE90B6560
:1018080004F040FF4FF63F0308A911480893CDE9BB
:101818000974CDE90B6504F035FF202308A90B48AE
:1018280009970C950893CDE90A4604F02BFF0FB0F1
:10183800F0BD00BF2C0700240044025800100258D5
:1018480000180258000C025800200258001C0258C8
:10185800001402582DE9F04F8BB0DFF818830646C4
:10186800BE4800AF1446796202F0ACFCD8F81820E4
:101878004369002A00F09B80D8F81C20D8F804A0FF
:10188800002A15BF4FF010094FF008094FF0040B5C
:101898004FF0020BBAF1000F00F09780A200E94662
:1018A800012B02F1070222F00702ADEB020D684698
:1018B800ADEB020DEB4600F0D581022B00F0528211
:1018C800002B6CD1002C6AD01A46D8ED0C6A9FED1B
:1018D800A47A0146331D36F92250083107EE905A92
:1018E80033F922500232F8EEE77A944267EE877AAB
:1018F80067EEA67A41ED027A07EE905AF8EEE77A9B
:1019080067EE877A67EEA67A41ED017AE3D8594601
:101918002246D0477D6A0021D8ED0D6A9FED977A5F
:101928002B1D90489FED906ADFED905A2CE0F4EE65
:10193800C67AF1EE10FA80F2108267EEA57AFDEE13
:10194800E77A17EE902A12B2DBED017A45F82120EA
:1019580066EEA77AF4EEC77AF1EE10FA40F2F48157
:10196800F4EEC67AF1EE10FA80F2F48167EEA57A09
:10197800FDEEE77A17EE902A12B243F821200231E1
:101988000BF1080B8C420DD9DBED007A66EEA77AD5
:10199800F4EEC77AF1EE10FAC9D80246D4E7224627
:1019A8005946D047CD462C37BD46BDE8F08FD8F80C
:1019B8001C20002AF7D0D8F804A04FF008094FF0EF
:1019C800020BBAF1000F7FF469AF3B62D8F8003020
:1019D800FB61002BE7D06648C7F818D002F05CFC22
:1019E800BBF1020F3B6A386100F03C826A4660082E
:1019F8004946A2EBC40278619546C4F35D02684685
:101A0800A0EBC405AD46EE46ADEB090D00EB82092F
:101A1800EA46ADEB010D09EB82010EEB820C6D4637
:101A2800CAF8081001EB82013D62CAF80C100CEBF1
:101A3800820101EB8202CAE90009C5E900ECC5E9A7
:101A48000212012B00F03883022B00F02E82002BAB
:101A580040F0F781002C00F03F84BBF1020FD8F86A
:101A6800242000F06E843969DAF80C5002EB810EFC
:101A78001A46DAF808100EF10403C7F808A0C7F8E8
:101A880004B08A46FB60331DDFED355AD7F80CB039
:101A980036F92210D8ED0C7A06EE101A33F9221016
:101AA80006EE901A3EF92210B8EEC66A07EE101A32
:101AB800F8EEE66A3BF92210B8EEC77A26EE256AF8
:101AC80066EEA56A27EE257A26EE276A66EEA76AED
:101AD80027EE277A07EE901A51080232F8EEE77AD5
:101AE80000EB810C94428CED006A09EB810C67EEE7
:101AF800A57ACCED006A0AEB810C05EB81018CED2F
:101B0800007A98ED0C7A67EE877AC1ED007ABFD833
:101B1800D7E901BA7A695046D7E9073198473A6A4E
:101B2800BBF1020F98ED0D7AD8F82C30D2E900CE2F
:101B380000F09E843A690021786A03EB82093B6AC7
:101B4800DFED0E6A9FED086A09F10408DFED075A18
:101B5800044ED3E902AB031D75E000BF80070024E3
:101B6800000000380280FFFF04FF7F3F00FEFF46B1
:101B780084070024680700240000003404FF7FBFA6
:101B8800F4EEC67AF1EE10FA80F28C8167EEA57A4F
:101B9800FDEEE77A17EE905A2DB240F821500EEB81
:101BA8000205D5ED007A67EE277AF4EEE67AF1EED3
:101BB80010FA40F25381F4EEC67AF1EE10FA80F290
:101BC8006E8167EEA57AFDEEE77A17EE905A2DB290
:101BD80043F821500AEB0205D5ED007A67EE277A23
:101BE800F4EEE67AF1EE10FA40F23681F4EEC67AB7
:101BF800F1EE10FA80F26A8367EEA57AFDEEE77AD5
:101C080017EE905A2DB25A4449F82150D2ED007A75
:101C180067EE277AF4EEE67AF1EE10FA40F22081C8
:101C2800F4EEC67AF1EE10FA80F2538367EEA57AE5
:101C3800FDEEE77A17EE902A12B248F82120023119
:101C48008C4240F203814A080CEB82059200D5EDE4
:101C5800007A67EE277AF4EEE67AF1EE10FA8FD87A
:101C680035469AE7002C3FF49AAED8ED0C6A8446C4
:101C78001FED3F7A0021331D56F821200CF1080C86
:101C880082F40002A2F5000207EE902A53F8212000
:101C98000231F8EEE77A82F400028C42A2F50002E3
:101CA80067EE877A67EEA67A4CED027A07EE902AFD
:101CB800F8EEE77A67EE877A67EEA67A4CED017A56
:101CC800DAD859462246D0477D6A0021D8ED0D6AF8
:101CD8001FED567A2B1DB6489FEDBC6AB54E28E01D
:101CE800F4EEC67AF1EE10FA32DAF0EE675AFEEE4A
:101CF800E45A15EE902ADBED017A45F8212066EECC
:101D0800A77AF4EEC77AF1EE10FA1FD9F4EEC67A84
:101D1800F1EE10FA24DAF0EE675AFEEEE45A15EE08
:101D2800902A43F8212002310BF1080B8C427FF6F0
:101D380039AEDBED007A66EEA77AF4EEC77AF1EEFB
:101D480010FACDD80246D6E7024616E60246E8E77C
:101D58003246D0E747F6FE720FE647F6FE72F3E525
:101D68003246DEE7002C3FF41AAED8ED0C6A014685
:101D78009FED917A0022331D56F82250083107EE64
:101D8800905A53F822500232F8EEE77A944267EEFE
:101D9800877A67EEA67A41ED027A07EE905AF8EE56
:101DA800E77A67EE877A67EEA67A41ED017AE3D89B
:101DB80059462246D0477D6A0021D8ED0D6A9FED2D
:101DC800827A2B1D7D489FED816A7D4E28E0F4EED6
:101DD800C67AF1EE10FA32DAF0EE675AFEEEE05A01
:101DE80015EE902ADBED017A45F8212066EEA77AF8
:101DF800F4EEC77AF1EE10FA1DD9F4EEC67AF1EED8
:101E080010FA1ADAF0EE675AFEEEE05A15EE902A4A
:101E180043F8212002310BF1080B8C427FF6C2AD4A
:101E2800DBED007A66EEA77AF4EEC77AF1EE10FAE7
:101E3800CDD80246D6E70246EAE73246E8E7324618
:101E4800D0E77A695046396AFB699847D7F818D0BD
:101E58002C37BD46BDE8F08F3546D4E63546B7E6A3
:101E68003246EAE6A2004946650807327D6122F05B
:101E78000702ADEB020D6846ADEB020D6A46ADEB0D
:101E8800090D00EB8509EA46ADEB010D69460A60CC
:101E980002EB850239624A60CAE90009D1E547F6D2
:101EA800FE7595E647F6FE7577E6002C00F014827D
:101EB800BBF1020FD8F8243000F06B823A69C7F8FA
:101EC80008A003EB820EC7F804B0DFED3B5A0022EE
:101ED8000EF10405DAE90213FB608A46331DD7F8D0
:101EE8000CB056F82210D8ED0C7A07EE101A53F8F9
:101EF8002210B8EEC76A07EE101A5EF82210F8EE44
:101F0800C76A07EE101A26EE256A55F82210B8EEB1
:101F1800C77A66EEA56A26EE276A27EE257A66EE68
:101F2800A76A27EE277A07EE901A51080232F8EED0
:101F3800E77A00EB810C94428CED006A09EB810C86
:101F480067EEA57ACCED006A0AEB810C0BEB8101F8
:101F58008CED007A98ED0C7A67EE877AC1ED007AFD
:101F6800BFD8D7E901BA7A695046D7E90731984707
:101F78003A6ABBF1020FD8ED0D7AD8F82C30D2E9C5
:101F880000CE00F0D3823A6900217D6A03EB820912
:101F98003B6ADFED0D6A9FED0D6A09F10408074EF3
:101FA800DFF81CB0D3E902A33B622B1D6BE000BF36
:101FB8007E0080FF82FF7F0000000030007E0080EE
:101FC8000082FF7F0000003404FF7FBF04FF7F3FD3
:101FD800B4EEC67AF1EE10FA6ADAF0EE475AFEEE7F
:101FE800E05A15EE900A45F821000EEB020090ED3C
:101FF800007A27EE877AB4EEE67AF1EE10FA53D932
:10200800B4EEC67AF1EE10FA54DAF0EE475AFEEE64
:10201800E05A15EE900A43F821000AEB020090ED11
:10202800007A27EE877AB4EEE67AF1EE10FA39D91B
:10203800B4EEC67AF1EE10FA80F24681F0EE475A15
:10204800FEEEE05A15EE900A49F82100386A02447B
:1020580092ED007A27EE877AB4EEE67AF1EE10FA7E
:1020680024D9B4EEC67AF1EE10FA80F22B81F0EEA4
:10207800475AFEEEE05A15EE902A48F82120023120
:102088008C427FF6E3AE4A080CEB8200920090ED9A
:10209800007A27EE877AB4EEE67AF1EE10FA97D84E
:1020A8003046A0E73046CFE73046B4E73246E4E7AB
:1020B800584698E75846AEE7002C00F00D81BBF172
:1020C800020FD8F8243000F00D813A690021C7F8D2
:1020D8000CA003EB820C5FED455AC7F808B00CF171
:1020E800040EDAE902231D469246331D56F82120D4
:1020F800D8ED0C7A82F40002A2F5000207EE102A4D
:1021080053F8212082F40002B8EEC76AA2F5000253
:1021180026EE256A07EE102A5CF8212082F40002D8
:10212800F8EEC76A26EE276AA2F5000266EEA56AEF
:1021380007EE102A5EF82120B8EEC77A82F4000272
:1021480066EEA76AA2F5000227EE257A27EE277A1F
:1021580007EE902A4A080231F8EEE77A00EB820B84
:102168008C428BED006A09EB820B67EEA57ACBED0A
:10217800006A0AEB820B05EB82028BED007A98ED80
:102188000C7A67EE877AC2ED007AAFD8D7E902BA3F
:102198007A695046D7E9073198473A6ABBF1020F86
:1021A800D8ED0D7AD8F82C30D2E900CE00F018819D
:1021B8003A6900217D6A03EB82093B6A5FED7E6A1A
:1021C8001FED7E6A09F10408CF4EDFF84CB3D3E95E
:1021D80002A33B622B1D58E0B4EEC67AF1EE10FA6A
:1021E8006ADAF0EE475AFEEEE45A15EE900A45F820
:1021F80021000EEB020090ED007A27EE877AB4EE0C
:10220800E67AF1EE10FA51D9B4EEC67AF1EE10FA88
:1022180050DAF0EE475AFEEEE45A15EE900A43F80B
:1022280021000AEB020090ED007A27EE877AB4EEDF
:10223800E67AF1EE10FA37D9B4EEC67AF1EE10FA72
:102248003CDAF0EE475AFEEEE45A15EE900A49F8E9
:102258002100386A024492ED007A27EE877AB4EEBC
:10226800E67AF1EE10FA23D9B4EEC67AF1EE10FA56
:1022780026DAF0EE475AFEEEE45A15EE902A48F8B0
:10228800212002318C427FF6E1AD4A080CEB820036
:10229800920090ED007A27EE877AB4EEE67AF1EEB6
:1022A80010FA99D83046A2E73046D0E73046B6E76C
:1022B8003246E4E75846B2E7584698E75846C6E734
:1022C8005A46DCE75A46D8E65846BDE647F6FE7554
:1022D80099E447F6FE72B0E42246396A5046FB6933
:1022E8009847B3E598ED0C6A0021DFED886A331D45
:1022F80056F8212082F40002A2F5000207EE902A87
:1023080053F8212082F40002B8EEE77AA2F5000221
:1023180027EE267A07EE902A4A080231F8EEE77A85
:1023280000EB820527EE067A09EB82028C4267EE03
:10233800A67A85ED007A67EE867AC2ED007AD7D85C
:1023480026E71A4698ED0C6ADFED716A331D36F9F7
:10235800221007EE101A33F9221007EE901AB8EE81
:10236800C77A51080232F8EEE77A27EE267A00EBB0
:102378008105944209EB810167EEA67A27EE067A79
:1023880067EE867A85ED007AC1ED007ADFD8FFF72F
:10239800C1BB98ED0C6A0022DFED5E6A331D56F86A
:1023A800221007EE901A53F82210B8EEE77A07EEDB
:1023B800901A51080232F8EEE77A27EE267A00EBF7
:1023C8008105944209EB810167EEA67A27EE067A29
:1023D80067EE867A85ED007AC1ED007ADFD8C2E52E
:1023E8007A6A0021DFED4F6A9FED4F6A131D464858
:1023F8009046494E27E0B4EEC67AF1EE10FA35DA87
:10240800F0EE475AFEEEE45A15EE905A724448F838
:10241800215092ED007A27EE877AB4EEE67AF1EE53
:1024280010FA1FD9B4EEC67AF1EE10FA1CDAF0EE03
:10243800475AFEEEE45A15EE902A43F8212002315D
:102448008C427FF603AD4A080CEB8205920095EDAD
:10245800007A27EE877AB4EEE67AF1EE10FACAD857
:102468000546D3E70246E8E73246E6E73546CDE7D4
:102478007D6A0020DFED2B6A9FED2B6A2B1DDFEDB7
:10248800275A274E29E0F4EEC67AF1EE10FA35DA2B
:1024980067EEA57AFDEEE77A17EE901A09B2724454
:1024A80045F82010D2ED007A67EE277AF4EEE67A46
:1024B800F1EE10FA20D9F4EEC67AF1EE10FA20DA2D
:1024C80067EEA57AFDEEE77A17EE902A12B243F886
:1024D8002020023084427FF6B9AC42080CEB82011E
:1024E8009200D1ED007A67EE277AF4EEE67AF1EE03
:1024F80010FAC8D83146D2E73246E8E747F6FE7107
:10250800CDE747F6FE72E2E77E0080FF0000003468
:10251800000000380000003082FF7F0000FEFF4608
:102528000280FFFF04FF7FBF04FF7F3F7A6A00211C
:102538005FED046A1FED046A131D20489046204E83
:1025480027E0B4EEC67AF1EE10FA35DAF0EE475A23
:10255800FEEEE05A15EE905A724448F8215092ED7A
:10256800007A27EE877AB4EEE67AF1EE10FA1FD9F0
:10257800B4EEC67AF1EE10FA1CDAF0EE475AFEEE27
:10258800E05A15EE902A43F8212002318C427FF65A
:102598005DAC4A080CEB8205920095ED007A27EEB7
:1025A800877AB4EEE67AF1EE10FACAD80546D3E790
:1025B8000246E8E73246E6E73546CDE7007E00808A
:1025C8000082FF7F30B5184C154685B0046004F1D1
:1025D800080EEC460FC98EE80F00D4ED047AF5EE2C
:1025E800C07A8CE80F00F1EE10FA1ADDB7EE006A37
:1025F80094ED057A27EE277AC6EE276A84ED0D7AE0
:10260800C4ED0C6A6DB1204640F8185F01F0DAFDA0
:10261800064903690020064A2162A262E36005B008
:1026280030BD012005B030BD68070024002000300F
:102638000000003000680830704700BFB1F5807FA7
:1026480003680A4628BF4FF48072B1F5807F9A600C
:1026580094BF0020012070470068183001F00ABEBE
:1026680030B5046883B008480D46A368A26A216A99
:102678009B00009004F1180001F0A6FD0020C4E9B9
:10268800000503B030BD00BF5D18000829B103681C
:102698000022596010461A6070470120704700BF39
:1026A800064B302003214FF07E52C3E9020100207F
:1026B80000211A615A61C3E90601704768070024BE
:1026C80000B583B04FF0000E4FF0030C4274ADF824
:1026D8000410BDF8043080F810E0A0F802C00380B0
:1026E80003B05DF804FB00BF2DE9F04F4FF0000880
:1026F800DFF80093B94C8FB003700646B84B174605
:1027080042600D46202241464846C4F86831C4F864
:102718006491CDE90388CDE90588CDE90788CDE93D
:102728000988CDE90B88FDF759FF2022414604F5B9
:10273800A170C4F83181C4F83581C4F83981C4F86E
:102748003D81FDF74BFF84F83071736884F8488247
:10275800002B00F087814346484604F5987105F13F
:10276800100AC6460197EF1855F803B0E2180EF1A3
:10277800010ED7F80CC0D7F80490D7F8088044F8B1
:1027880003B0C2F80CC04FF0000CC2F80490C2F8B5
:1027980008803F8A20F802CB17821AF8032001F834
:1027A800012F62B172684FF001071233964584F821
:1027B8004872D8D3019F00220123FFB20CE077684A
:1027C80012337745CFD894F84832019F002BFFB2D7
:1027D80006BF01220323012384F8812100203278D7
:1027E800C4F8983100237F49C4F8743184F88031E3
:1027F80084F88831C4F88471C4E967334FF48023BE
:10280800C4E95B1308210123C4E95E310021C4E94E
:1028180064019AB100200121013A84F8A431C4E985
:102828006C01082A0CD8DFE812F0FA00F500F00075
:10283800EB00D400CF00C900C200BB0084F8A4217B
:10284800694802F0FFFD034608B1FFBEFEE703A991
:102858006548039302F052FF002840F09F8004234C
:1028680040F2FF720B90CDE9092394F83031002B28
:1028780048D0DFF884A10746DFF88081AAF58E7575
:102888000AF14C096B7B072B07D8DFE803F081843A
:102898007E7B78753E0407230893281F00F042FBCF
:1028A8002B7B042B39DC022B00F3D28000F0CC8088
:1028B80000238AF8003015F8043C002B40D0022B86
:1028C80000F0B280012B40F0DD8015F8033C012BAD
:1028D80000F0C680002B454B18BF0023069306A9BD
:1028E80058F8043B4846079302F018FA002840F0CD
:1028F800C180013794F830210AF1010A1235FBB280
:102908009A42BFD80FB0BDE8F08F0623281F08935E
:1029180000F008FB2B7B042BC5DD03238AF800306D
:10292800AB4600265846013600F0FCFA9AF800300B
:102938000BF1040BB342F5DC15F8043C002BBED1B7
:1029480015F8033C062B00F08780072B00F09880D1
:10295800022B00F09980032B00F09880002B00F0E8
:102968009980012B00F09480042B00F09580052BB2
:102978001F4B18BF0023B1E7052308938DE70423F5
:1029880008938AE70323089387E70223089384E7D9
:102998000023089381E7012308937EE7FFBEFEE743
:1029A80040F2FF324FF4A073C4E96A2348E740F2CB
:1029B800FF124FF49073C4E96A2341E7FF224FF4F2
:1029C8008073C4E96A233BE77F22E023C4E96A23D2
:1029D80036E73F22C023C4E96A2331E7A007002471
:1029E80040400030002002400C0900240002B025BD
:1029F8000000B84F00400030C0080024A00A0108B9
:102A08001F22A023C4E96A231AE70F228023C4E9FE
:102A18006A2315E707226023C4E96A2310E7032223
:102A28004023C4E96A230BE715F8033C042B15D0AF
:102A3800052B1BD0E3B1012B1ED0022B1ED0032B7C
:102A4800164B18BF002349E701238AF8003067E7CF
:102A580002238AF8003063E7114B3FE7114B3DE74B
:102A6800114B3BE7FFB201220323B5E60F4B35E7D5
:102A78000F4B33E7FFBEFEE70E4B2FE70E4B2DE75C
:102A88000E4B2BE7002329E70D4B27E70D4B25E7D6
:102A98000D4B23E70D4B21E70D4B1FE70020903628
:102AA8000800900C1000C0102000F01400018021D4
:102AB8000004002A0008302E001060328000501DEB
:102AC8000040C03A0080F03E000052470000214319
:102AD8000000844B10B5084C40F2FF724FF0011112
:102AE800204602F0B9FD14F83C2C54F8081C204686
:102AF800BDE8104002F032BB0C090024064B0F2938
:102B0800D3F8643198BF03EB41031B8800EE103AF9
:102B1800BBEEC80A704700BFA0070024204B02681C
:102B28009A4200D070471F4B00221F48D3F8D81094
:102B380030B51E4C41F0200183B0C4F8D001092003
:102B480004F5E875C4E97502C3F8D8104FF480603D
:102B5800D3F8D81094F8483201F0200183F001032B
:102B680001911B02C4E977204FF40060C4F8EC31EE
:102B7800019B4FF40053C4F8E4012846C4F8E83137
:102B8800C4E97C2202F0D8FF08B1FFBEFEE704F5D5
:102B9800B673C4F8B851C4F8083203B030BD00BFEA
:102BA800002002400044025840000240A0070024D0
:102BB800014803F053BB00BF70090024414B026871
:102BC8009A4200D070472DE9F0473F4D95F84832BA
:102BD8000BB9BDE8F08795F83021002A48D005F1F7
:102BE8000C0805F5A17605F59877002414E003F0A4
:102BF80001013380A8F1080017F811AC00F070FA51
:102C0800BAF1010F23D895F83021013408F11208E0
:102C18000236A3B29A4229D917F8013F002BF4D003
:102C2800D5F864310021327833F81400D5F86831CA
:102C380003EB041323F8120033883A7801339BB26C
:102C48009A425FFA83F9D2D80B468946D1E7C9F38D
:102C58004001A8F1040000F043FABAF1020FC9F3E9
:102C68008001D0D0404600F03BFACCE795F84832D6
:102C780083F001031548092100221B024FF48064E8
:102C8800C5F8D821C5F8EC314FF40053C5F8DC215C
:102C9800C5F8E831C5E974014FF400610C48C5E98D
:102CA8007841C5E97C2202F047FF08B1FFBEFEE784
:102CB80095F83021D5F864110648BDE8F04702F0D0
:102CC8004DBA00BF00200240A00700244000024087
:102CD800700900240C090024704700BF10B592B099
:102CE8000180ADF80410C9B2149C0B29C460C0E976
:102CF80001232FD090F801E08446BEF10F0F29D8A8
:102D0800022A39D0032A04D0A2F10102B2FA82F2CF
:102D18005209012B0E9205D0A3F10203B3FA83F3F3
:102D28005B095B00022C0F9306D0032C04D0A4F19E
:102D38000104B4FA84F464090A2910940CD9002314
:102D48001846CCF8103001230DA903FA0EF30D93A1
:102D580003F098FC12B010BD5B4B4A1E03EB8123B5
:102D6800CCF81030092A00F29F80DFE802F08E7F4D
:102D780070615243342516071122CAE7534B544851
:102D8800D3F8E02042F48062C3F8E020D3F8E030C2
:102D980003F480630C930C9BD5E74C4B4D48D3F858
:102DA800E02042F40072C3F8E020D3F8E03003F4E6
:102DB80000730B930B9BC6E7444B4748D3F8E020BE
:102DC80042F48072C3F8E020D3F8E03003F4807353
:102DD8000A930A9BB7E73D4B4048D3F8E02042F0FE
:102DE8008002C3F8E020D3F8E03003F080030993B1
:102DF800099BA8E7354B3A48D3F8E02042F0400257
:102E0800C3F8E020D3F8E03003F040030893089BB0
:102E180099E72E4B3348D3F8E02042F02002C3F85C
:102E2800E020D3F8E03003F020030793079B8AE7FC
:102E3800264B2D48D3F8E02042F01002C3F8E020DA
:102E4800D3F8E03003F010030693069B7BE71F4B93
:102E58002648D3F8E02042F00802C3F8E020D3F86F
:102E6800E03003F008030593059B6CE7174B2048F7
:102E7800D3F8E02042F00402C3F8E020D3F8E030B1
:102E880003F004030493049B5DE7104B1948D3F83F
:102E9800E02042F00202C3F8E020D3F8E03003F06B
:102EA80002030393039B4EE7084B0748D3F8E0203F
:102EB80042F00102C3F8E020D3F8E03003F0010348
:102EC8000293029B3FE700BF0000025800440258EB
:102ED800002802580024025800200258001C0258FA
:102EE800001802580014025800100258000C02582A
:102EF800000802580004025808B501214378006907
:102F0800994089B203F0F8FE003818BF012008BDC7
:102F180001230A464178006903FA01F189B203F0F6
:102F2800F1BE00BF8378022B30B504468FB039D08C
:102F3800032B00F0D180A3F10102B2FA82F2520908
:102F4800E3780A92012B05D0A3F10203B3FA83F3C5
:102F58005B095B0000222046CDE90B3201F058FDE9
:102F68000546204601F05CFD23780990082B13D80C
:102F7800DFE803F02D405366798C9F051A00574B04
:102F8800D3F8E02042F08002C3F8E020D3F8E03024
:102F980003F080030793079B09A9284603F072FBF7
:102FA8000FB030BD1122CBE74C4B09A92846D3F806
:102FB800E02042F48072C3F8E020D3F8E03003F454
:102FC80080730893089B03F05DFB0FB030BD434B43
:102FD80009A92846D3F8E02042F00102C3F8E0200E
:102FE800D3F8E03003F001030093009B03F04AFBA1
:102FF8000FB030BD394B09A92846D3F8E02042F07C
:103008000202C3F8E020D3F8E03003F00203019392
:10301800019B03F037FB0FB030BD304B09A92846A0
:10302800D3F8E02042F00402C3F8E020D3F8E030FF
:1030380003F004030293029B03F024FB0FB030BD9E
:10304800264B09A92846D3F8E02042F00802C3F825
:10305800E020D3F8E03003F008030393039B03F068
:1030680011FB0FB030BD1D4B09A92846D3F8E0204D
:1030780042F01002C3F8E020D3F8E03003F0100368
:103088000493049B03F0FEFA0FB030BD134B09A95B
:103098002846D3F8E02042F02002C3F8E020D3F815
:1030A800E03003F020030593059B03F0EBFA0FB023
:1030B80030BD0A4B09A92846D3F8E02042F0400267
:1030C800C3F8E020D3F8E03003F040030693069BF2
:1030D80003F0D8FA0FB030BD1A4631E70044025861
:1030E80070B506460D4601F093FC0446304601F0E3
:1030F80097FC2A1E0146204618BF0122BDE87040F1
:1031080003F000BE70B5002386B012220446039374
:10311800CDE901230368032B01D804230493261D5A
:103128000634304601F074FC0546304601F078FC60
:10313800034669462846009303F0A4FA204601F0A6
:1031480067FC034620461C4601F06AFC69460346B4
:103158002046009303F096FA06B070BD634A0368F0
:10316800934210B58CB028D0614A934258D0614A36
:10317800934200F09480604A934201D00CB010BD95
:103188005E4C5F48D4F8E03043F00203C4F8E03006
:10319800D4F8E03003F002030A930A9BFFF7B2FF6A
:1031A800D4F8F43043F08003C4F8F430D4F8F430A1
:1031B80003F080030B930B9BE0E7504C5148D4F885
:1031C800E03043F00203C4F8E030D4F8E03003F014
:1031D80002030193019BFFF795FFD4F8E830002222
:1031E8001F2043F400131146C4F8E830D4F8E8303F
:1031F80003F400130293029BD4F8D83043F0010380
:10320800C4F8D830D4F8D83003F001030393039BF3
:1032180002F0E0FA1F200CB0BDE8104002F016BB27
:10322800364C3948D4F8E03043F08003C4F8E03035
:10323800D4F8E03003F080030493049BD4F8E03022
:1032480043F00203C4F8E030D4F8E03003F002039E
:103258000593059BFFF756FFD4F8E830002221209C
:1032680043F480031146C4F8E830D4F8E83003F496
:1032780080030693069BD4F8D83043F00103C4F8C2
:10328800D830D4F8D83003F001030793079B02F035
:10329800A1FA21200CB0BDE8104002F0D7BA1B48B3
:1032A800FFF730FF154B00224820D3F8E8401146BD
:1032B80044F40004C3F8E840D3F8E84004F40004F8
:1032C8000894089CD3F8D84044F00104C3F8D840C7
:1032D800D3F8D83003F001030993099B02F07AFA76
:1032E80048200CB0BDE8104002F0B0BA00540040CD
:1032F80000580040005C0040001C00580044025880
:10330800780C0024F0090024C80A0024A00B00242B
:10331800F0B5002287B0184B1021CDF802206F4677
:10332800CDF806209C46CDF80A206E46CDF80E2032
:103338000CF11805CDF812200CF1300EADF816205E
:10334800FF220E4B6C46ADF800101A700FCFACE898
:103358000F0097E803008CE803000FCE0FC596E82E
:10336800030085E803000FCCAEE80F0094E80300E3
:103378008EE8030007B0F0BD54000024EC090024D7
:1033880010B5EFF3108472B6074B1A78120602D5FF
:1033980004B962B610BD1B78D820044A5BB200FBA2
:1033A800032002F05BFFF3E7EC090024040A002481
:1033B800014804F02BBB00BF7C0A0024014804F03C
:1033C80025BB00BF540B0024014804F01FBB00BFFD
:1033D8002C0C00242DE9F0410F68D8253C4E84B010
:1033E80007FB05F5032F06EB0503036058DCCA68E5
:1033F8000C46012A54D84FD020689C4661684FF08B
:10340800D808A2680DF1100EE36808FB0768ACE85D
:103418000F00304B227C8CF80020D8F808C00FCB66
:103428000EE90F000EEB8703BCF1010F53F8103CB7
:10343800C8F88C3042D0BCF1020F35D0BCF1000F77
:1034480008D101F071F9244B98420CBF234B244B4F
:10345800C8F890308C35D823217C002203FB076301
:10346800012035444900C3E926022846C3F89410D0
:10347800C3E92822C3E92A2204F0C0F880B901462A
:10348800284604F0CFFA58B90146284604F0F4FA61
:10349800003818BF012004E00A7C103A672AABD92B
:1034A800012004B0BDE8F08101F03EF90A4B9842D2
:1034B8000CBF0C4B0C4BC8F89030CBE701F034F93B
:1034C800054B98420CBF094B094BC8F89030C1E72F
:1034D800F0090024E0080108000E27075F43906008
:1034E8008A62E030200BA0101A0980102D0FB0302E
:1034F8003211D0202DE9F041D0F8008082B00D467D
:1035080017461E4608F18C04204604F087FA202846
:10351800FAD1D8F80C3073B96D002046089C3346B0
:103528003A46A9B2009404F0BFF8003818BF012049
:1035380002B0BDE8F081089B32463946204604F0C7
:103548007FF9F2E7044B10221A7483F8E82083F815
:10355800C02183F898227047F009002430B5002371
:1035680095B04FF48071062204460B93069213938C
:10357800CDE90C13CDE90E33CDE9113301F0D6F8BE
:1035880007282AD004F1100541F2883206A92846F6
:1035980005F0A4F828B1012384F85C30012015B0A7
:1035A80030BD0223102206A9284602920022CDE946
:1035B8000033012303934FF48003CDE9042305224C
:1035C8004FF0807306926A460F9341F2883305F0F4
:1035D80015FA0028DFD115B030BD032384F85C301C
:1035E800DCE700BF0000000070B50023A4B04FF076
:1035F80080724FF480750446ADF806301B93CDE910
:103608001E320122CDE91C53CDE92023CDE9223316
:10361800002942D0F02300F1100516AEADF80630AF
:10362800C02341F2883231462846169305F056F8F1
:1036380028B1012384F85C30012024B070BD41F228
:1036480088320DF10601284605F0B6F80346002831
:10365800EFD14FF4807105222846012508921022E7
:1036680010930D93159302930595CDE90E139FEDD5
:103678001E7B4FF08071CDE91333119141F28833ED
:1036880008A9CDE9035202AA8DED067B05F0B6F92B
:103698000028D2D084F85C50CEE700F1100516AEB1
:1036A800612341F2883231462846169305F016F810
:1036B8000028BED141F288320DF10601284605F0F6
:1036C80009F90028B5D1BDF80630204623F0780363
:1036D80043F04003ADF80630FFF740FF00289FD0C5
:1036E800A7E700BFAFF30080000000000000400023
:1036F8002DE9F04F00234FF4807601254FF08078B4
:1037080004462DED028BABB08DF80730219313934F
:103718001B9322961C95CDF89480CDE92333CDE9EF
:103728002653CDE92833CDE91463CDE91633CDE925
:10373800193306230E9300F0F9FF072808D004F187
:10374800100741F288320EA9384604F0C7FF40B18D
:10375800012384F85C3001202BB0BDEC028BBDE85E
:10376800F08F02234FF010094FF0050A08AA0EA99E
:1037780038460B95CDF85C80CDF82890CDF838A068
:103788009FED298BCDE9083341F288338DED0C8B01
:1037980005F034F90028DBD141F2883238461CA9FB
:1037A80004F09CFF0028D3D14FF0400B41F288323F
:1037B8000DF1070138468DF807B004F0FDFF002829
:1037C800C6D141F288331CA902AA3846CDF870A0A8
:1037D800CDF89480CDE902BBCDE904958DED068B3B
:1037E80005F00CF903460028B2D1139308AA1B93DD
:1037F8000EA938461496CDF838A0CDF85C80CDF8DF
:1038080028900B95CDE91533CDE91933CDE9083565
:1038180041F288338DED0C8B05F0F0F800289BD031
:1038280084F85C5097E700BF0000000000004000EB
:103838002DE9F0435C4CA3B00E46046000F076FF1F
:10384800072800F0A480306825467168B26807C56B
:10385800B389284620F8043B267B677B04F020FFC9
:10386800E0B9524B012E4FF00108E06123610CBF13
:103878004FF400034FF48013C4E9058893FAA3F3C7
:10388800B3FA83F34FF48079013BC4F82490C4E978
:103898000B00281D236204F095FE38B1012384F83B
:1038A8005C300126304623B0BDE8F08366230B90D8
:1038B800139041F2883206A90693CDE90C90CDE920
:1038C8000E00CDE91100281D04F008FF0028E5D1FD
:1038D800992341F2883206A9281D069304F0FEFEBA
:1038E8000028DBD105231C9019906A4614934FF0E9
:1038F8008073219014A91D931023CDF80C80029396
:1039080041F288339FED247BCDE91A90CDE91F0061
:10391800CDE90008281D8DED047B05F06FF800281F
:10392800BCD131462046FFF75FFE0028B6D12046BD
:10393800FFF7DEFE06460028B0D1002FB2D1EB23F8
:1039480006AA14A9281D14934FF44063CDF8689073
:103958001B934FF40053189617934FF440431C934E
:10396800A0231693062319934FF080539FED0C7BE9
:1039780021934FF04073CDE91F661D938DED067BB3
:1039880005F0CAF800288DD084F85C8089E7032305
:1039980084F85C3085E700BF0000000000004000AC
:1039A8000000000000000000500D002400500052EC
:1039B8002DE9F04F8FB0414B0024026800AF9A42C6
:1039C8007C63C7E90944C7E90B4403D03C37BD46CB
:1039D800BDE8F08F3A4B40F609213A48EA46D3F859
:1039E800D42007F11C0607F1220B4FF0020942F41C
:1039F80080424FF00308C3F8D420D3F8D42002F44F
:103A08008042BA60BA68D3F8E02042F04002C3F8B6
:103A1800E020D3F8E02002F04002FA60FA68D3F818
:103A2800E02042F02002C3F8E020D3F8E02002F0C2
:103A380020023A613A69D3F8E02042F01002C3F854
:103A4800E020D3F8E02002F010027A617A69D3F816
:103A5800E02042F00202C3F8E020D3F8E030F86139
:103A680003F002033984BB61174B7B60BB697B6839
:103A780053F8040F7B6000F0CBFF7B68054618689D
:103A880000F0CEFF16F8013B786207F124012846C2
:103A9800C7F830807B63C7E90A9402F0F3FD5E45FE
:103AA800E5D100225C20114601F094FE5C2001F073
:103AB800CDFE3C37D546BD46BDE8F08F00500052DC
:103AC800004402580A0A0909AC0D0024114B026887
:103AD8009A4200D07047104A70B5D2F8D4300F4CD3
:103AE80023F4804304F11806C2F8D43054F8040FC4
:103AF80000F08EFF0546206800F092FF0146284638
:103B080002F0CEFFB442F1D15C20BDE8704001F074
:103B1800ABBE00BF0050005200440258AC0D002458
:103B2800014805F087B800BF600D0024084B1A1D36
:103B3800981D03F1080110B49C1C9A6603F10A024F
:103B4800C3E91834C3E91B015DF8044B5A67704791
:103B5800500D00242DE9F043821D05468BB0031D4E
:103B680005F10A010830CDE9052305F10C02AB691E
:103B7800CDE907010992002B3ED0EB69B3FA83F82F
:103B88004FEA58180123022205AE0AAF4FF0060982
:103B98000393CDE9012313E02B680BB3012B02D16A
:103BA80022B30A230493204600F03AFF0346204636
:103BB800009300F02DFF694602F064FDBE4212D06A
:103BC80056F8044B2B7922789342E5D169796378CA
:103BD8009942E1D1B8F1000FF0D02B68002BDDD16C
:103BE800CDF81090DFE70BB0BDE8F0836378022BC7
:103BF8000CBF08230A23D5E74FF00108C2E700BF2E
:103C0800A04A0368934270B505468AB07FD0203237
:103C180093427CD09C4A934204D02032934201D0F4
:103C28000AB070BD994C9A48D4F8E03043F00103CB
:103C3800C4F8E030D4F8E03003F001030593059BA5
:103C4800D4F8E03043F00803C4F8E030D4F8E030AA
:103C580003F008030693069BD4F8E03043F04003D2
:103C6800C4F8E030D4F8E03003F040030793079B32
:103C7800D4F8F03043F40003C4F8F030D4F8F0304E
:103C880003F400030893089BFFF764FFD4F8D820D7
:103C9800804B42F001022968D3F85C02C4F8D820AE
:103CA800D4F8D82002F001020992774A099C91427F
:103CB80000F0AB80D3F88022013A18BF01229201AC
:103CC800002840F0CC807448582103F22C4403F5B6
:103CD8004775C3F82C0400232046C4E901124FF4A9
:103CE80080524FF48061636262614FF48042C4E99C
:103CF80003314FF48073C4E906234FF40033236281
:103D080001F01AFF002800F09580FFBEFEE75F4C27
:103D1800604ED4F8E030304643F00103C4F8E03098
:103D2800D4F8E03003F001030093009BD4F8E030AE
:103D380043F01003C4F8E030D4F8E03003F0100387
:103D48000193019BD4F8E03043F04003C4F8E0301D
:103D5800D4F8E03003F040030293029BD4F8F0302B
:103D680043F48003C4F8F030D4F8F03003F480034F
:103D78000393039BFFF7EEFED4F8D830296843F08D
:103D88000103404A3068C4F8D8309142D4F8D8309A
:103D980003F001030493049B27D0736A013B18BF07
:103DA80001239B01002852D13B4A06F5E8745821AB
:103DB800C036C6F8102100222046C4E901134FF48A
:103DC80080534FF48061626263614FF48073C4E989
:103DD80003214FF48042C4E906234FF400332362E1
:103DE80001F0AAFE08B3FFBEFEE7336A013B18BF25
:103DF80001239B0118BB02F5284206F5AC74572134
:103E080028360C32C6F83021D5E7D3F87C22013A9F
:103E180018BF0122920158BB2048572103F56D7441
:103E280003F52175C3F8B40355E7C6E92044A66332
:103E38000AB070BDC5E92044A5630AB070BD184A30
:103E480006F5AC7459212836C6F83021B3E7154A6F
:103E580006F5E8745A21C036C6F81021ABE71148B8
:103E68005A2103F22C4403F54775C3F82C0432E7B2
:103E78000B48592103F56D7403F52175C3F8B40394
:103E880029E700BF04580140045C0140004402587F
:103E980024100024C80D002428000240100002400D
:103EA8005800024070000240014802F0D7B900BF34
:103EB800200F0024014802F0D1B900BF980F002458
:103EC800014802F0CBB900BF7C110024014802F080
:103ED800C5B900BFF41100241A4A0368934210B40C
:103EE8000BD02032934208D0174A934216D0203282
:103EF800934213D05DF8044B7047144B0022D3F85B
:103F08005442C3F85822D3E99201002CF2D0D3F8D6
:103F1800502223465DF8044B520818470B4B0022E9
:103F2800D3F8B044D3F8A404D3F8A814C3F8B4243D
:103F3800002CDFD0D3F8AC2423465DF8044B52089C
:103F4800184700BF04580140045C0140C80D002414
:103F5800184A0368934210B40BD02032934208D019
:103F6800154A934217D02032934214D05DF8044B7F
:103F78007047124BD3E99424D3E992015208C3F84D
:103F88005822002CF2D0234601EB820100EB82007C
:103F98005DF8044B1847094BD3F8AC24D3F8B04468
:103FA8005208D3F8A404D3F8A814C3F8B424002CF6
:103FB800E9D1DBE704580140045C0140C80D002446
:103FC8002DE9F04F0C684FF41777794E87B004FB52
:103FD80007F7012C06EB0708C0F8008000F39F8064
:103FE8004FF0000907F512730D468E4646F8039008
:103FF8003344C446C3F80490C8F8509268A3D3E980
:10400800002369A1D1E90001CDE9022306AB03EB46
:104018008403CDE9040153F810BC53F808ACBEE89A
:104028000F00ACE80F00BEE80F00ACE80F009EE8F8
:104038000300C8F828B0C8F8C0A08CE803002B69B2
:10404800042B0DD8DFE803F07F89930376004FF443
:1040580017734BF6803203FB04639A64C3F8E020BD
:10406800AA69296A002A56D000294FF0010214BF14
:10407800032102214FF4177303FB0463C3E90B12F6
:10408800EA69696A002A4ED1003918BF01214FF444
:10409800177303FB0463C3E931126B69022B06D85B
:1040A800444A12F80390444A52F8233001934FF4DB
:1040B80017730022414907F1280004FB03F3304439
:1040C80003F1380E03F1500C03F1D00503F1E804B5
:1040D80041F80E2033448E44CEF804205A645A63C3
:1040E80041F80C208C44CCF80420DA654A510D4480
:1040F8006A60C3F8DC20C3F8CC200A510C4401994B
:104108006260C3F8F42002234A4606F0BFFE002886
:1041180037D0FFBEFEE7003918BF0121AAE701200A
:1041280007B0BDE8F08F00294FF0010214BF03214A
:104138000221ACE74FF41773214A03FB04639A6426
:10414800C3F8E0208CE74FF417734FF4FA5203FBDF
:1041580004639A64C3F8E02082E74FF417734FF4BE
:104168007A5203FB04639A64C3F8E02078E74FF4BB
:1041780017734FF4FA4203FB04639A64C3F8E02010
:104188006EE707F1C00002234A460199304406F061
:104198007DFE0028C4D0FFBEFEE700BFAFF300805D
:1041A80004580140045C014024580140245C01404B
:1041B800C80D0024000B0108F40A0108CC0D0024E6
:1041C8000077010000687047F8B504689DB20F4693
:1041D8001646C4F85032069BC4F85432A369012B22
:1041E800C4E9921222D0636A2A46012B0FD03146C5
:1041F80004F1C00006F0F8FE236A2A46012B0ED00F
:10420800314604F1280006F0EFFE0020F8BD04F165
:10421800C00006F073FF236A2A46012BF0D1394605
:1042280004F1280006F06AFF0020F8BD236A2A4638
:10423800012B0FD0314604F1280006F0D5FE636A41
:104248002A46012B0ED0314604F1C00006F0CCFE00
:104258000020F8BD04F1280006F050FF636A2A46E2
:10426800012BF0D1394604F1C00006F047FF0020C9
:10427800F8BD00BF03681B69042B05D8044A02EB8C
:10428800830393ED000A70479FED020A704700BF51
:10429800E00A010800803B470368D3F858027047DA
:1042A800704700BF08B500F0C3FCBDE8084001F046
:1042B80055BB00BF064808B503680BB102F026FDE0
:1042C800044803681BB1BDE8084003F001BC08BD01
:1042D8009016002488120024064808B503680BB11C
:1042E80002F014FD044803681BB1BDE8084003F060
:1042F800EFBB08BD9016002488120024064808B5B4
:1043080003680BB102F002FD044803681BB1BDE865
:10431800084003F0DDBB08BD901600248812002475
:10432800364BDA6A520062D59A6A9A6A9A6A9B6A26
:10433800180600D500BE314B9B6A990600D500BE11
:104348002E4B9B6ADA0600D500BE2C4B9B6A1B07D6
:1043580000D500BE294B9B6A980700D500BE274BA5
:104368009B6AD90700D500BE244B9B6A1A0400D566
:1043780000BE224B9B6A9B0400D500BE1F4B9B6A64
:10438800D80400D500BE1D4B9B6A190500D500BE98
:104398001A4B9B6A5A0500D500BE184B9B6A9B05B1
:1043A80000D500BE154B9B6AD80500D500BE134B3F
:1043B8009B6A990100D500BE104B9B6ADA0100D5B3
:1043C80000BE0E4B9B6A1B0300D500BE0B4B9B6ABD
:1043D800580300D500BE094B9B6A990300D500BE5F
:1043E800064B9B6ADA0306D400BE00BEFEE7DB6A12
:1043F8009B07FAD5F8E700BEF6E700BF00ED00E03E
:1044080000F028BC0A4B9B6803F17843B3F5003FE2
:104418000BD3084B986848B19868012806D098686B
:10442800022803D09868032070470120704700BF16
:1044380000ED00E0000080382DE9F041CEB00446E0
:104448004C2200210AA8FCF7C9F82022002102A862
:10445800FCF7C4F8BC2200211EA8FCF7BFF8022014
:1044680003F0BEFF2368012B4FF0000350D0504AE1
:1044780002250193C820D16A4E4B21F00101D16277
:10448800D26A02F0010201929A6942F440429A61AA
:104498009B6903F440430193019B464A936999043D
:1044A800FCD545490224002201268B6A4FF00408F6
:1044B800082723F0030323438B62052316900AA8D9
:1044C80018934FF48033109617941994CDF85480AC
:1044D8001A97CDE91B222122CDE91344CDE90A23FD
:1044E80004F0B0FC00B1FEE7402329463F224FF418
:1044F80080650993049002A805970895CDE90633CD
:104508000323CDE9022304F0B7FF0346B8B1FEE761
:10451800284A04250093F0209169254B41F4404135
:104528009161926902F440420092DA6A42F0010213
:10453800DA62DB6A03F001030093009BADE74FF4F6
:1045480080324FF4805122941EA846922F943394BF
:10455800062435912197CDF8A8802C951F9623968F
:10456800CDE92531CDE93032CDE92D3300224FF4A4
:104578008071CDE93B334FF4401343911021CDE9CD
:104588003E2340F2271280232991249334930C234D
:10459800CDE92742202220932B92084A1E9205F04B
:1045A800B5F900B1FEE703F041FF4EB0BDE8F08178
:1045B8000004005800480258004402580F130F0323
:1045C80070B584B0012401F077F94FF480764FF08C
:1045D8004052194B6846ADF80040019200250293FD
:1045E800039601F087F9192368468DF80F408DF876
:1045F80008304FF04043ADF80D6001938DF801404D
:104608008DF80A5001F076F902230B2268468DF8DE
:104618000F508DF801304FF062538DF80820019348
:10462800ADF80D408DF80A4001F064F9042001F05E
:1046380051F904B070BD00BF0E00010330B50C463F
:10464800054685B0D1E9000185E8030000F0C0FA0D
:10465800A379A3B30AF016F8FEF75AFE08F09EFCF9
:1046680009F0FCFC23798BBB63799BB1BFF34F8FB7
:10467800BFF36F8F2A4B0022C3F85022BFF34F8F2E
:10468800BFF36F8F5A6942F400325A61BFF34F8FFC
:10469800BFF36F8F4FF0FF320023002400256946D7
:1046A800204802928DF80C30CDE9004509F072F8E7
:1046B8001C4809F0D7F808F0E5F805B030BD2846E1
:1046C800FFF7BAFE2846FFF77BFFC3E7144900232C
:1046D800C1F88430BFF34F8FD1F8805043F6E07EA5
:1046E800C5F34E3CC5F3C9054FEA4C1C0CEA0E0055
:1046F8002B4640EA8372013BC1F860225A1CF8D16C
:10470800ACF1200C1CF1200FF0D1BFF34F8F4B6997
:1047180043F480334B61BFF34F8FBFF36F8FA3E731
:1047280000ED00E08012002404F0D8BF1C4B9B6809
:1047380003F17842B2F5003F25D3B3F5803F20D38B
:1047480003F16042B2F5003F1FD303F15C42B2F5BA
:10475800002F1CD303F17042B2F5902F19D303F147
:104768004842B2F5803F16D303F18042B2F1806F20
:1047780013D303F1E043B3F5000F34BF072008203B
:1047880070470120704700207047022070470320BF
:10479800704704207047052070470620704700BF07
:1047A80000ED00E003480023034A044903600CF0CD
:1047B8008DB800BF8012002400000024A942000820
:1047C80010B4204C0022204B83B0D4F888001F4935
:1047D80040F47000C4F8880018681D4C40F00100CF
:1047E80018601A611868014019609A61DA611A62E2
:1047F8009A62DA621A635A639A63DA631A645A64C9
:10480800196821F4802119601A66D3F8DC2042F077
:104818006042C3F8DC20D3F8DC300193019B2368A5
:104828006FF30F03B3F1005F03D20A4B0122C3F801
:104838000821044B4FF000629A6003B05DF8044B06
:10484800704700BF00ED00E0004402587FEDF6EA33
:104858000010005C0080005100F57171D0F804046C
:1048680007F00EBCC1EBC10300EB8303D0F80404CE
:10487800D3F8082207F032BCC1EBC10300EB830375
:10488800D0F804049A6C07F063BC00BFD0F80404A5
:1048980007F0FEBCC16810B5044619B1022900D062
:1048A800FEE70121D4F8040407F0DCFCD4F8040482
:1048B800BDE8104007F0AEBC10B50446D0F80404BB
:1048C80007F0D4FC2268D2F8003E43F00103C2F896
:1048D800003E236A23B1034A136943F006031361B8
:1048E80010BD00BF00ED00E0D0F8040407F0C8BC1C
:1048F800D0F8040407F0DCBCD0F8040407F0D6BCF8
:10490800D0F8040407F0D6BCD0F8040407F0D4BCEF
:104918009446D0F898021A4608B5634603F050FC4E
:1049280018B102280CBF0120022008BD08B5D0F834
:10493800980203F0D3FC18B102280CBF0120022012
:1049480008BD00BF08B5D0F8980203F00BFD18B1F8
:1049580002280CBF0120022008BD00BF0A06D0F8BB
:10496800983206D4C1EBC10103EB810393F8FE0131
:10497800704701F07F01C1EBC10103EB810393F89C
:104988003E00704708B5D0F8980203F003FC18B150
:1049980002280CBF0120022008BD00BF08B5D0F8CE
:1049A800980203F073FC18B102280CBF0120022002
:1049B80008BD00BF08B5D0F8980203F03FFC18B155
:1049C80002280CBF0120022008BD00BFD0F8C00299
:1049D80007F012BFD0F8C00207F026BFD0F8C00217
:1049E80007F02EBF704700BFD0F8C00207F014BF11
:1049F800D0F8C00207F014BF08B5D0F8D00302F011
:104A080037FD18B102280CBF0120022008BD00BFE5
:104A1800024B027853F82200704700BF340B01089C
:104A2800024B427833F81200704700BF140B01089C
:104A38008CB00A2814D8DFE800F023313F4D5B69B9
:104A48007785930615004D4BD3F8E02042F40072A9
:104A5800C3F8E020D3F8E03003F400730A930A9B0C
:104A68000CB07047454BD3F8E02042F48062C3F89D
:104A7800E020D3F8E03003F480630B930B9BEFE75F
:104A88003E4BD3F8E02042F00102C3F8E020D3F80F
:104A9800E03003F001030193019BE1E7374BD3F8C2
:104AA800E02042F00202C3F8E020D3F8E03003F03F
:104AB80002030293029BD3E7304BD3F8E02042F085
:104AC8000402C3F8E020D3F8E03003F004030393B2
:104AD800039BC5E7294BD3F8E02042F00802C3F84E
:104AE800E020D3F8E03003F008030493049BB7E711
:104AF800224BD3F8E02042F01002C3F8E020D3F8AC
:104B0800E03003F010030593059BA9E71B4BD3F88E
:104B1800E02042F02002C3F8E020D3F8E03003F0B0
:104B280020030693069B9BE7144BD3F8E02042F042
:104B38004002C3F8E020D3F8E03003F040030793C5
:104B4800079B8DE70D4BD3F8E02042F08002C3F8B5
:104B5800E020D3F8E03003F080030893089B7FE758
:104B6800064BD3F8E02042F48072C3F8E020D3F873
:104B7800E03003F480730993099B71E700440258FD
:104B8800704700BF0F4B1B780BB90120704710B559
:104B980004464FF47A700C4AB0FBF3F31068B0FB8C
:104BA800F3F000F073FE0F2C00D808B1012010BDFF
:104BB800002221464FF0FF3000F00CFE034B00208E
:104BC8001C6010BDA4000024A0000024A80000243C
:104BD80038B50320124D00F0EBFD124C04F0BEFB7B
:104BE800114A12499369C3F30323CB5C03F01F03F3
:104BF80020FA03F30E202B60926902F00F028A5C00
:104C080002F01F02D3402360FFF7BCFF10B101245C
:104C1800204638BD0446FFF7B3FF204638BD00BF25
:104C2800A00000249C00002400440258040B010842
:104C3800034A044B11681B780B441360704700BF8C
:104C480054190024A4000024014B1868704700BFC1
:104C58005419002438B50446FFF7F6FF0546631CCF
:104C680002D0044B1B781C44FFF7EEFF401BA04208
:104C7800FAD338BDA4000024014B1868000C704713
:104C88000010005C704700BF806B08B5FFF7FAFFA3
:104C980008BD00BF836B5A6D12F0500F5A6D10B5E6
:104CA8001DD1196842F400725A650A6812F0080F9B
:104CB800CA681BD012F4406F0DD1CA6894040AD494
:104CC8005A6D22F480725A655A6DD10403D45A6D14
:104CD80042F001025A651846FDF770FF10BDD20672
:104CE8000AD4DB6CBDE81040DB6C18479007E7D0AE
:104CF8001846FDF763FFF1E71846FDF7EDFF10BD15
:104D0800806B08B5436D43F040034365836D43F002
:104D180004038365FDF7E0FF08BD00BFF0B500227E
:104D280083B0019290F85020012A00F0F5800346E4
:104D380001201A6883F850009468640754D40C68FA
:104D4800C4F31305C4F3846E002D40F09E8000FA6E
:104D58000EF0D5694C6828431F254FEA941CD06192
:104D680004F01F000CF00C0402F1300C0EFA00FEE7
:104D780085405CF8040020EA050040EA0E004CF883
:104D88000400906810F0040F906801D1070735D52A
:104D98009068C60714D4CE68086806F01807B64CA1
:104DA800D2F8C050FC40C0F31307044025EA0705B9
:104DB8002C43C2F8C040B14CA64271D0002801DB98
:104DC800002016E0AE498A4204D001F580718A427B
:104DD80040F0C180AB48AA49AB4A806889689268AC
:104DE800D20701D4CF07EBD55A6D012042F020023B
:104DF8005A65002283F8502003B0F0BD0C6802F118
:104E0800140C4FF0070E8E68E50DC4F3045405F03A
:104E180004050EFA04FE06FA04F45CF8050020EA1C
:104E28000E0020434CF8050098484D69006800F0D2
:104E38007040B0F1805FD0682DD010F0100FD068AE
:104E480029D0400800F0080085400E690868042E43
:104E580065D002F1600C00F0F8445CF8260000F020
:104E68000040204328434CF826004C7E0D69A4F1ED
:104E780001045CF82500B4FA84F420F000406409C9
:104E880040EAC4704CF8250082E794FAA4F4B4FA16
:104E980084F4A0405DE7C0F3820040008540D4E779
:104EA800002F79D090FAA0F4B4FA84F4013404F015
:104EB8001F04092C00F2938090FAA0F4B4FA84F449
:104EC80090FAA0F5B5FA85F5013401260135A40656
:104ED80005F01F0504F0F84406FA05F52C4390FA8E
:104EE800A0F0B0FA80F0304400F01F0000EB400062
:104EF8000005044302F114060727E50DC4F3045422
:104F080005F00405A740705920EA07008F68A740FC
:104F180038437051086851E7022003B0F0BD156EA0
:104F2800840605F0F845B5EB806F4ED0506E00F062
:104F3800F840844244D0906E00F0F840844249D052
:104F4800D06E00F0F84084427FF422AFD06E20F09B
:104F58000040D0661CE74E4C4E49A6688D68ED07A8
:104F68003FF542AF4C4D06F0E077A84262D04B4D7A
:104F7800A84251D04A4DA8427FF422AF70023FF5B3
:104F88001FAF8A427FF41CAFA26822F0E0723A4356
:104F980042F48002A26013E7800E0124013000F081
:104FA8001F058006AC4000F0F840092D44EA0004D3
:104FB80005EB45009CD91E38000540F0007098E7C5
:104FC800506E20F000405066B5E7106E20F00040AB
:104FD8001066ABE7906E20F000409066B0E790FA5C
:104FE800A0F4B4FA84F490FAA0F5B5FA85F5013482
:104FF80001260135A40605F01F0504F0F84406FA59
:1050080005F52C4390FAA0F0B0FA80F0304400F097
:105018001F0000EB4000CEE7F5013FF5D1AE8A4214
:105028007FF4CEAEA26822F0E0723A4342F080727A
:10503800A260C5E636023FF5C3AE8A427FF4C0AE31
:10504800A268184922F0E0723A4342F40002A260D2
:105058000A6815499209A1FB0212920952000192AD
:10506800019A002A3FF4ACAE019A013A0192019AE2
:10507800002AF9D1A4E600BFFFFF0F000000FF4798
:105088000020024000230240002102400010005C82
:105098000063025800600258000084CB000052C729
:1050A8000000B8CFA0000024632D3E0503689A686D
:1050B800D20701D5002070479968234A114270B57C
:1050C800044609D0636D012043F010036365A36DA6
:1050D80043F00103A36570BD99681C4A0A4042F079
:1050E80001029A60FFF7B0FD2368194A054693420A
:1050F80021D002F5807293421DD002F1C05202F510
:1051080084429268114E0AE09A68324042F00102E5
:105118009A60FFF799FD401B0228D3D823681A68C4
:10512800D2070FD49A68D107EED5FFF78DFD401B43
:105138000228F3D9C6E7074A9268D006E2D0064AA1
:105148009342DFD1002070BD3F000080C0FFFF7F89
:105158000020024000230240002102402DE9F041D6
:10516800374B044600680E46174698421CD003F594
:105178008073984218D0334B9B68856815F00405F6
:1051880018D194F85020012A14D003F01F0840F2D7
:105198002123012023FA08F384F8500003400CD19E
:1051A80084F85030BDE8F081274B9B68856815F07E
:1051B8000405E6D00220BDE8F0812046FFF776FF1F
:1051C800002838D1626D214B2168134043F4807365
:1051D8006365B8F1000F02D01D4B994203D0636D8F
:1051E80023F480136365636D13F4805326D0A36D95
:1051F80023F00603A365E06C3B46164D324640316A
:10520800C563154D0564154DC5641C2541F8405C02
:10521800002584F8505051F83C5C45F0100541F8E1
:105228003C5C00F03DFE22680D4B91680B4043F05A
:1052380004039360BFE784F85050BCE7A365DAE73E
:10524800002002400063025800230240FEF0FFFFE6
:10525800002102409D4C0008914C0008094D0008AF
:10526800C0FFFF7F38B503689A68910702D59B682D
:10527800002038BD9A68D207FAD59A68044602F029
:105288000D02012A09D0636D012043F01003636504
:10529800A36D43F00103A36538BD98680321094A4B
:1052A800024042F002029A601960FFF7CDFC054601
:1052B80023689B68DB07DBD5FFF7C6FC401B022889
:1052C800F6D9E0E7C0FFFF7F38B5554A04460368C2
:1052D800934224D002F58072934220D0514B9B68B0
:1052E80013F4403F20D004F0E3F963680546B3F5B2
:1052F800003F75D0B3F5403F7AD0B3F5803F6FD00B
:10530800FFF7BAFC41F2030398422CD8464A2368B7
:10531800954248D99A6842F480729A6038BD434BE6
:105328009B6813F4403FDED14FF4002005F030FBBA
:1053380063680546B3F5101F58D027D8B3F5E01FAA
:1053480052D057D8B3F5801F08D061D8B3F5002FD5
:1053580004D023F40022B2F5802FD1D19B0C5B003E
:10536800B5FBF3F5CCE7324A2368954226D9314A92
:1053780031492A448A422CD9304A31492A448A423E
:105388003FD99A6842F440729A6038BDB3F5201F3D
:1053980035D0B3F5301FB3D1FFF76EFC41F20303EC
:1053A800984205D823689A6822F480729A6038BDBA
:1053B8001F4B2A0AB3EB152F05D323689A6822F4EA
:1053C80040729A6038BD1B4B1B4913448B422368BB
:1053D80017D89A6822F4407242F480729A6038BDF5
:1053E8001B0CB5FBF3F58BE7050989E7850987E70A
:1053F800850885E7B3F5001F82D1450980E7C5090F
:105408007EE79A6822F4407242F400729A6038BDCE
:10541800B3F5A01FA2D0B3F5C01F9FD070E700BF9F
:105428000020024000630258002D31010023024091
:10543800105E5F00EFA1A0FF0F5E5F00DF4341FF3A
:105448001FBCBE0030B5002383B00193002800F0D4
:10545800A880456D0446002D00F0A9802268936855
:10546800990003D59168704B0B4093609368DB00FB
:1054780015D46E4B90686E491B6801406D489B09B6
:1054880041F08051A0FB030391609B090193019BAC
:105498002BB1019B013B0193019B002BF9D1936830
:1054A800DD0000F18280636D012543F01003636520
:1054B800A36D2B43A365936813F0040F636D6CD140
:1054C800D8066AD4636D23F4817343F002036365DD
:1054D8009368D9070CD4584B9A4200F0818003F5A1
:1054E80080739A427CD0554B9B68D90740F18980DC
:1054F800FFF7C2FB41F20303A1689842237F5CD8FF
:1055080094F815C01A04206B42EA4C3202430A434D
:10551800012B03D1236A013B42EA4342636A23B168
:1055280003F47873A16A0B431A4323684449D86883
:1055380001401143D9609A6812F0040F9A681CD18F
:1055480012071AD4D8683F4A217D024042EA8132C4
:10555800E16A0A43DA6094F83820012A53D01A69BC
:1055680022F001021A611A692046616B22F070422A
:105578000A431A61FFF7A8FE2368E268012A27D0C8
:105588001A6B22F00F021A63636D284623F0030397
:1055980043F00103636503B030BD636D43F010034E
:1055A80063650125284603B030BD002583E7FDF774
:1055B800B5FAA56584F8505050E71029A0D1617D4F
:1055C8001A0442EA4132216B0A4342F01C029FE767
:1055D800196BA26921F00F01013A0A431A63D3E754
:1055E800154A194B92689B68DB0781D4D0073FF5B1
:1055F8007FAF164A9368616823F47C130B4393606A
:1056080076E7134AF6E7D4E9102118690A431149E5
:1056180001400A43A16C0A43E16B42EA014242F0AD
:1056280001021A619FE700BFC0FFFF5FA0000024CE
:10563800C0FFFF6F632D3E05002002400060025846
:1056480003C0F0FFFCBFFFFF00210240002302401F
:10565800006302581EF800FCF0B5002383B00193E4
:1056680090F85030012B40D0012304460E461546D1
:1056780080F85030FFF7F6FDE8B9676D05F0804215
:105688001B4B06F4803125683B4043F002036365F9
:10569800184BAE68334013430B4343F00043AB60F1
:1056A800AB68154A002B0FDB636D23F0030343F04F
:1056B8000103636503E0636D43F010036365002332
:1056C80084F8503003B0F0BD019B01330193019B76
:1056D8009342E5D9636D0022012023F0120384F878
:1056E800502043F010036365ECE7022003B0F0BDDF
:1056F800FDEEFFFFC0FFFE3FFF955A5590F8502082
:10570800012A36D003460120F0B41A68244C83F8E5
:105718005000A24208D05A6D002142F0200283F8BE
:1057280050105A65F0BC70471E48846864070AD553
:1057380092685A6D012042F020025A65002283F8CF
:105748005020F0BC704794686607F2D40C6894B98E
:1057580015498C6824F440448C6094688268D507A5
:1057680005D4E20703D48868104A02408A60002002
:10577800E4E7022070470C4E4F68B56825F44045B1
:105788003D43B56095688268D707F0D4E807EED442
:105798008A68B0681443054A02401443B460E6E7D7
:1057A800002002400021024000230240E0F0FFFFF9
:1057B80006494FF6FF0C0002054BCA6800F4E0608A
:1057C80002EA0C0210430343CB60704700ED00E08F
:1057D8000000FA051A4BDB68C3F3022300B5C3F1D6
:1057E800070E03F1040CBEF1040F28BF4FF0040E9E
:1057F800BCF1060F1AD9A3F1030C4FF0FF3303FADB
:105808000CF322EA03024FF0FF33002803FA0EF3E9
:1058180021EA030303FA0CF343EA02034FEA0313F2
:10582800DBB206DB074A13545DF804FB00229446FA
:10583800E9E700F00F00044A13545DF804FB00BFC9
:1058480000ED00E000E400E014ED00E0002807DBD4
:1058580000F01F0101234009024A8B4042F8203022
:10586800704700BF00E100E000280CDB430901227B
:1058780000F01F0004492033824041F82320BFF381
:105888004F8FBFF36F8F704700E100E0431EB3F105
:10589800807F01D3012070474FF0E02200200549A6
:1058A8004FF0F00C5361072381F823C09061136116
:1058B800704700BF00ED00E0BFF35F8F044B00218D
:1058C8005A6A22F480325A62C3F89410704700BFB3
:1058D80000ED00E0064B40F00100C3F894005A6A5E
:1058E80042F480325A62BFF34F8FBFF36F8F704715
:1058F80000ED00E0174A4378C2F89830017821B3E8
:10590800436800B5C2F89C30C37A90F80CC01B06F7
:1059180090F80FE043EA0C7390F80AC00B43817BC0
:1059280043EACC4390F80DC043EA8C4390F809C091
:1059380043EA4143017A43EA0E4343EA0C2343EA2C
:105948004103C2F8A0305DF804FBC2F89C10C2F80D
:10595800A010704700ED00E0704700BF08B5FFF7E2
:10596800FBFF08BD3649024603688B4233D0183125
:10597800591AB1FA81F1490969BB324883423ED0CC
:10598800183083423ED01830834234D018308342D6
:105998003BD0183083423ED0183083422AD000F5DD
:1059A8005670834235D028498B4231D018318B420A
:1059B80034D018318B4234D018318B4234D018315E
:1059C8008B4234D018318B4234D018318B4234D0CA
:1059D80023F0FF0011E0DBB21C491D48103BA1FB7E
:1059E800031310B41B091B4CE15C5DF8044BC2E9BE
:1059F8001601704716211848D16590657047102127
:105A08001348F9E716211248F6E706211248F3E78A
:105A180006211248F0E710210F48EDE710210F4842
:105A2800EAE716210D48E7E700210D48E4E70621DB
:105A38000B48E1E710210A48DEE716210848DBE7B2
:105A4800100002404000024028040240ABAAAAAA63
:105A580000000240640B01080400024000040240F8
:105A6800040402400268284B284930B4284D294CC8
:105A7800AA4218BF9A420CBF012300238A4208BFDA
:105A880043F001032831A24208BF43F00103283440
:105A98008A4208BF43F001032831A24208BF43F0FD
:105AA80001038A4208BF43F00103D1B213B91A4B6C
:105AB8009A4211D1A1F10803184C194A0121A4FBFB
:105AC8000343184C1D0902EB1313A9409B00816680
:105AD800C0E9183430BC7047A1F110031249134CC7
:105AE8001144A4FB0343A8294FEA131308D903F070
:105AF8001F040F4A01211A44A1400E4C9300E6E707
:105B080008331C46F5E700BF0854025830540258C1
:105B18001C5402584454025894540258CDCCCCCC4E
:105B28000096001680580258F0FBFDBFABAAAAAA3F
:105B3800008200108008024070B50546FFF784F81F
:105B4800002D00F0A9802B680446904A90498B42AA
:105B580018BF934201F118010CBF012200228B42A9
:105B680008BF42F0010218318B4208BF42F001021F
:105B780018318B4208BF42F0010218318B4208BF2E
:105B880042F0010218318B4208BF42F0010218317D
:105B98008B4208BF42F0010201F556718B4208BFE3
:105BA80042F0010218318B4208BF42F0010218315D
:105BB8008B4208BF42F0010218318B4208BF42F005
:105BC800010218318B4208BF42F0010218318B42A2
:105BD80008BF42F0010218318B4208BF42F00102AF
:105BE8001AB96C4A934240F0E3800222002185F8FA
:105BF800352085F834101A6822F001021A6005E091
:105C0800FFF722F8031B052B41D82B681A68D10728
:105C1800F6D4D5E9022429692243A8691C680A43F5
:105C280069690A43E96902430A435B4921402C6ACE
:105C380022430A43696A042930D01A605A6922F05B
:105C48000702114359612846FFF78CFEEA6D3F238E
:105C580002F01F02934083602846FFF703FFAB68FA
:105C6800802B6ED06B68A86ED9B2013BD5E918427B
:105C7800072B216050602ED90023C5E91B336B67C1
:105C8800002301226B65184685F8352070BD202257
:105C980003236A6585F83530012070BDD5E90B41CD
:105CA80021431143AA6A1960596921F00701114378
:105CB80041F00401002CC5D000284AD1012A5FD048
:105CC80032F00202BED1E201BCD5402201236A654E
:105CD80085F83530E0E72A68481E304B304CA24240
:105CE80018BF9A4204F114040CBF01230023A242F6
:105CF80008BF43F001031434A24208BF43F0010374
:105D08001434A24208BF43F001031434A24208BF6E
:105D180043F001031434A24208BF43F001031BB946
:105D2800204B9A4240F09E801F4A204C0A44920021
:105D3800012300218340C5E91B246B671160636060
:105D48009EE70023A96ED5E918026B6003605160D5
:105D580092E7B0F5005F04D0022AB6D9032AB2D080
:105D680070E7032A3FF66EAF01A050F822F000BF9B
:105D7800D35C0008CF5C0008D35C0008895D00088C
:105D8800B4F1C07F7FF45EAF9FE700BF1000024010
:105D980028000240B80402403F8010FE0854025810
:105DA8001C540258945402583F9600164059025801
:105DB800334A34483449834218BF934200F12800DB
:105DC8000CBF012200228B4208BF42F00102283199
:105DD800834208BF42F0010228308B4208BF42F0DC
:105DE80001022831834208BF42F001028B4208BFFA
:105DF80042F0010212B9254A93423AD10020022109
:105E0800AA6885F8340085F83510402A1C686FF3B5
:105E180010142CD0A2F18002B2FA82F25209910336
:105E2800EE69D5E9032010436A691043AA69104353
:105E3800174A30432E6A1A4444EA161444EAD0003A
:105E480001431448A0FB02022846196013099B006D
:105E5800EB65FFF787FDE96D012201F01F018A401C
:105E68004260F9E60C4A0D4C0A44920060E71021A2
:105E7800D6E7402203236A6585F835300CE700BF72
:105E8800085402581C54025830540258945402586A
:105E9800F8ABFDA7CDCCCCCC3F8200104009024026
:105EA800002800F0D3802DE9F04F90F8344083B0FB
:105EB800012C00F0C780012480F8344090F8354068
:105EC800012C09D000224FF4006380F83420436588
:105ED800012003B0BDE8F08F02248C4D8C4E80F871
:105EE800354000248B4F44650468DFF83492B4428F
:105EF80018BFAC4206F11806D0F858E00CBF0125CF
:105F08000025B44208BF45F0010506F55676B442AF
:105F180008BF45F001051836B44208BF45F0010531
:105F28001836B44208BF45F001051836B44208BF18
:105F380045F001051836B44208BF45F0010518368A
:105F4800B44208BF45F00105A6F58666BC4218BFF5
:105F5800B44206F58966C76E0CBF4FF001084FF0D2
:105F68000008B44208BF45F00105A6F58666B442AC
:105F780008BF48F0010806F58966B44208BF45F035
:105F88000105A6F59266B44218BF4C4545EA080CCF
:105F980001950CBF01250025D0E919AB009502D069
:105FA800BCF1000F54D0D4F8009029F00109C4F8CE
:105FB8000090CAF804B03FB1D0E91C566E60009D4D
:105FC80015B9BCF1000F4DD0C56D4FF03F0905F074
:105FD8001F0A09FA0AF9CEF80890D4F800E02EF45E
:105FE800802EC4F800E063608368402B27D0A1604E
:105FF800E260009B13B9B8F1000F7ED0236823F04C
:106008001E0343F016032360036C1BB1236843F09F
:1060180008032360036E1A68D20303D51A6842F492
:1060280080721A601FB13B6843F480733B60236839
:10603800002043F00103236003B0BDE8F08FA260A5
:10604800E160D6E7022003B0BDE8F08F0120704779
:10605800256825F001052560CAF804B017B1D0E914
:106068001C566E602C4DDFF8BC80444518BFAC420E
:1060780008F114080CBF01250025444508BF45F068
:10608800010508F11408444508BF45F0010508F169
:106098001408444508BF45F0010508F114084445B3
:1060A80008BF45F0010508F11408444508BF45F04C
:1060B800010515B9194DAC420DD1C56D05F01F0884
:1060C800012505FA08F5CEF8045063608368402B73
:1060D80018D0A160E2602268016C22F00E02036E03
:1060E80042F00A022260002995D0226842F0040298
:1060F80022601A68D10391D494E7019B002B7FF4A6
:106108007DAFE8E7A260E160E5E700BF88000240F4
:10611800A00002404000024008540258945402581B
:10612800100002401C540258002862D038B590F87C
:106138003530022B59D10268444B454C4549A2429F
:1061480018BF9A4204F130040CBF012300238A428D
:1061580008BF43F001033031A24208BF43F00103F6
:1061680030348A4208BF43F001033031A24208BFED
:1061780043F0010330348A4208BF43F0010301F5BC
:106188005C71A24208BF43F0010304F55C748A42C3
:1061980008BF43F001033031A24208BF43F00103B6
:1061A80030348A4208BF43F001033031A24208BFAD
:1061B80043F0010330348A4208BF43F00103303111
:1061C800A24208BF43F001038A4208BF43F001031B
:1061D80013B9214B9A420ED1042380F83530136845
:1061E80023F001031360002038BD8023436501209C
:1061F80038BD012070471368046E23F00E03C16D8B
:10620800856D136001F01F01136823F0010313600B
:10621800012322688B4022F4807222606B60C36E77
:10622800D0E91921516033B11A68D0E91C1422F45D
:1062380080721A604C6000210122036D80F83410CE
:1062480080F83520002BCED09847CCE710000240CC
:106258002800024040000240B8040240F0B5002285
:10626800944B83B0856D07461E680192924B026875
:1062780092482C68824218BF9A4200F11800296897
:106288000CBF01230023824208BF43F001031830EA
:10629800824208BF43F001031830824208BF43F02E
:1062A80001031830824208BF43F0010318308242CC
:1062B80008BF43F001031830824208BF43F00103CE
:1062C80000F55670824208BF43F00103183082423D
:1062D80008BF43F001031830824208BF43F00103AE
:1062E8001830824208BF43F001031830824208BFC9
:1062F80043F001031830824208BF43F0010318300D
:10630800824208BF43F001031BB96D4B9A4240F02B
:106318002F81FB6D082103F01F03994021420BD008
:106328001068400708D5106820F004001060A960C4
:10633800796D41F00101796524FA03F1C80709D59F
:106348005169090606D501219940A960796D41F086
:106358000201796504219940214207D0106880071D
:1063680004D5A960796D41F004017965102199403F
:10637800214200F0B0801068000740F1AC80A960AD
:10638800116811F4802F116840F09E80C90503D46C
:10639800116821F008011160396C002900F09B8018
:1063A80038468847FB6D202103F01F03994021429E
:1063B80053D03A684048414CA24218BF824204F187
:1063C80018040CBF01200020A24208BF40F00100C1
:1063D8001834A24208BF40F001001834A24208BF96
:1063E80040F001001834A24208BF40F00100183400
:1063F800A24208BF40F001001834A24208BF40F092
:10640800010004F55674A24208BF40F00100183498
:10641800A24208BF40F001001834A24208BF40F071
:1064280001001834A24208BF40F001001834A2420B
:1064380008BF40F001001834A24208BF40F0010034
:106448001834A24208BF40F00100002847D11C4878
:10645800824244D01068800744D47B6D002B70D0F2
:106468007B6DDC071ED53A68042187F8351015497D
:106478001368A1FB066123F00103890A136002E097
:106488001368D80704D5019B01338B420193F7D9D0
:10649800002387F834301368DB074CBF032301233C
:1064A80087F83530FB6C002B4BD0384603B0BDE87D
:1064B800F0401847A00000241000024028000240C5
:1064C800B8040240B5814E1B08037FF565AFB96C6F
:1064D80000297FF465AF202199400C42BDD0106897
:1064E800C406BAD5A96097F8351004290ED01368E8
:1064F80013F4802F136826D01D0331D5FB6B002BB6
:10650800ABD0384698477B6DDBB1A9E7116821F01D
:1065180016011160516921F080015161396C19B37C
:10652800116821F0080111603F22002102FA03F3EB
:106538000122AB603B6D87F8341087F83520002BBB
:10654800B3D103B0F0BD13F48073D7D1116821F033
:1065580010011160012287F8343087F83520CDE723
:106568007B6C002BCDD178E7B96C0029D8D1DBE75B
:10657800404B4148824218BF9A4200F114000CBFB8
:1065880001230023824208BF43F0010314308242F2
:1065980008BF43F001031430824208BF43F00103EF
:1065A8001430824208BF43F001031430824208BF0E
:1065B80043F0010313B9314B9A42C2D1F86D042458
:1065C800136800F01F0084400C420BD05E0709D509
:1065D80019046C6032D5DA0336D4BB6C002B7FF417
:1065E80064AFAEE7022484400C420BD09E0709D565
:1065F80019046C602DD5DA0337D47B6C002B7FF43B
:1066080054AF9EE7082484400C429AD01B0798D5C3
:106618001368002123F00E0313600123FA6C03FAB8
:1066280000F068607B6587F8341087F83530002AF9
:1066380087D0384603B0BDE8F04010479B0603D426
:10664800136823F0040313603B6C002B7FF42DAF19
:1066580077E713F0200308D11168012021F00A011F
:10666800116087F8343087F83500FB6B002B7FF416
:106678001CAF66E7085402581C5402589454025838
:10668800406D70470B68002B00F0ED81824A904204
:106698004FF000022DE9F04F85B000F0F8804FF080
:1066A80001084FF0B04E42E04FEAD20C02F0070565
:1066B8000F694FF00F0A00EB8C0CAD00DCF820904E
:1066C800AF400AFA05F529EA05054FF003092F43FB
:1066D80004F00305CCF820705700D0F800C009FA80
:1066E80007F9BD402CEA090C6FEA090B45EA0C05CD
:1066F80005608D6805FA07FCD0F808902409CD6874
:1067080009EA0B09944005FA07F747EA0907876081
:10671800476827EA060634434460C46804EA0B0461
:1067280044EA0C04C460013233FA02F479D008FA5E
:1067380002F616EA0309F6D04C6824F01005022D7B
:10674800B2D057004FF0030C05F1FF3AD0F800B073
:106758000CFA07FC04F00305BAF1010F2BEA0C0B45
:1067680005FA07F545EA0B056FEA0C0B05608D681D
:1067780005FA07FCC0D9C6680BEA060545EA0C0508
:10678800C560E500CFD5454E22F003074FF00F0C4A
:10679800D6F8F45007F1B04745F0020507F58067D1
:1067A800C6F8F450D6F8F45002F0030605F00205D6
:1067B800B60003950CFA06FC039DBD6825EA0C0A91
:1067C800374DA8425ED0374DA8422DD0DFF8D8C04B
:1067D800604500F04281DFF8D4C0604500F0448194
:1067E800DFF8CCC0604500F03181DFF8C8C06045F3
:1067F80000F04181DFF8C0C0604500F04381DFF858
:10680800BCC0604500F04581DFF8B4C060450CBFEE
:106818004FF0090C4FF00A0C0CFA06F64AEA060586
:1068280008E005B0BDE8F08F4FF0020C0CFA06F650
:106838004AEA0605BD606FEA0906DEF88050E703FC
:1068480054BF354049EA0505A703CEF88050DEF865
:10685800845054BF354049EA0505E702CEF8845014
:10686800DEF8005054BF354049EA0505A402CEF8C9
:106878000050DEF8045054BF354049EA0505CEF80B
:10688800045050E708FA06F64AEA0605D2E7DFF8A8
:106898000CB04FF0B0467BE00000025800440258AC
:1068A8000004025800080258000C02580010025850
:1068B8000014025800180258001C02580020025800
:1068C800002402580CF1FF374FEA420ED0F800A01E
:1068D80004F003080197032708FA0EF807FA0EFCDC
:1068E8002AEA0C0A6FEA0C0C48EA0A08C0F8008089
:1068F8008F6807FA0EF8019F012F40F28180C56862
:1069080005EA0C0545EA0805C560E5003BD5DBF856
:10691800F45022F0030C0F2745F002050CF1B04C9F
:10692800CBF8F4500CF5806CDBF8F45005F0020558
:106938000395039D02F00305DCF808E0AD0007FAB3
:1069480005F5E7032EEA0505CCF808506FEA090CAF
:10695800D6F8805077D405EA0C05A703C6F880500E
:10696800D6F884506CD40CEA0505E702C6F88450C2
:10697800356862D40CEA0505A7023560756859D4F4
:106988000CEA05057560013233FA02F43FF449AFA9
:10699800012404FA02F513EA0509F4D04C6824F03E
:1069A800100CBCF1020F8DD102F0070C0F694FEAF1
:1069B800D20E4FEA8C0C00EB8E0E07FA0CF90F275B
:1069C800DEF8208007FA0CFC032728EA0C0849EABD
:1069D8000808CEF820804FEA420ED0F8009004F064
:1069E800030807FA0EFC08FA0EF829EA0C096FEA00
:1069F8000C0C48EA0908C0F800808F6807FA0EF8FE
:106A0800D0F808902409CF6809EA0C09944007FADD
:106A18000EFE4EEA090EC0F808E0D0F804E02EEAAF
:106A280005052C434460C46804EA0C0444EA0804DD
:106A3800C460A8E749EA0505A4E749EA05059BE714
:106A480049EA050591E749EA050586E74FF0050C8F
:106A58000CFA06F64AEA0605ECE6032505FA06F6F8
:106A68004AEA0605E6E670474FF0040C0CFA06F60B
:106A78004AEA0605DEE64FF0060C0CFA06F64AEA84
:106A88000605D7E64FF0070C0CFA06F64AEA0605A3
:106A9800D0E64FF0080C0CFA06F64AEA0605C9E6F5
:106AA800002900F00881894B98422DE9F04F00F049
:106AB8009A8000234FF00F094FF0030A4FF0B046B9
:106AC80001229A4012EA010E77D023F0030503F061
:106AD80003047F4F05F1B045E400B84209FA04F811
:106AE800D5F808C405F5806508EA0C0C27D0794F5D
:106AF800B8426ED0784FB84270D0784FB84263D061
:106B0800DFF8E0B1584500F0D180DFF8DCB1584536
:106B180000F0D280DFF8D4B1584500F0C280DFF829
:106B2800D0B1584500F0CD80DFF8C8B158450CBF4A
:106B38004FF0090B4FF00A0B0BFA04F402E001279F
:106B480007FA04F4A44517D1AC6824EA0804AC6039
:106B5800D6F8804024EA0E04C6F88040D6F884406F
:106B680024EA0E04C6F88440346824EA0E0434602B
:106B7800746824EA0E0474605D0004684FEAD30C5C
:106B88000AFA05F500EB8C0C2C43046003F00704AB
:106B9800DCF820E0A40009FA04F42EEA0404CCF896
:106BA8002040846824EA05048460446824EA0202D8
:106BB8004260C26822EA0502C260013331FA03F278
:106BC8007FF47EAFBDE8F08F4FF0040B0BFA04F4AE
:106BD800B8E74FF0020B0BFA04F4B3E74FF0030BDE
:106BE8000BFA04F4AEE700224FF0010C3C4F0F25DE
:106BF8004FF0B0464FF0030E02F003030CFA02F414
:106C080022F00308DB0011EA0409B84405FA03F38B
:106C180041D0D8F808A013EA0A0F19D1D8F808A06B
:106C28002AEA0303C8F80830D6F8803023EA0903B3
:106C3800C6F88030D6F8843023EA0903C6F88430D1
:106C4800336823EA09033360736823EA090373602E
:106C58004FEA420803684FEAD2090EFA08F800EB37
:106C6800890943EA0803036002F00703D9F820A062
:106C78009B0005FA03F32AEA0303C9F82030836866
:106C880023EA08038360436823EA04034360C36874
:106C980023EA0803C360013231FA02F3ACD1BDE83C
:106CA800F08F4FF0070B0BFA04F44BE74FF0050B8E
:106CB8000BFA04F446E770474FF0060B0BFA04F49E
:106CC80040E74FF0080B0BFA04F43BE700000258CA
:106CD8000004025800080258000C0258001002581C
:106CE800000400580014025800180258001C0258EA
:106CF80000200258002402580369194214BF0120D9
:106D08000020704702B90904816170472DE9F04FEE
:106D1800056885B00446284604F05AFF012802D0C9
:106D280005B0BDE8F08F206804F002FF0028F7D016
:106D3800206804F0FDFE10F4001F206802D04FF414
:106D48000013436104F0F4FE10F4801F206802D0A1
:106D58004FF48013436104F0EBFE10F0806F20685D
:106D680002D04FF08063436104F0E2FE10F0020F9E
:106D7800206830D104F0DCFE870000F1078120682C
:106D880004F0D6FEC60100F1C380206804F0D0FEEE
:106D9800000700F1B280206804F0CAFE10F0007FFE
:106DA80020681BD104F0C4FEC306B9D52568AB69B9
:106DB80023F01003AB612E6A06F4F011C6F30A172C
:106DC800B1F5802F02D1002F40F0DA81AB6943F092
:106DD8001003AB61A4E702234361CBE704F060FF33
:106DE800A26881462068002A00F08E8005F5A0651B
:106DF800002640E05A075BD50423BB60FB6843F0DC
:106E08000203FB60BB689B0500F12D81B96811F096
:106E1800010100F0CD8023694BB108EB8802396984
:106E280004EBC202C1F31201936C5B1AD3644FEAFC
:106E380088030122002003EB080104EBC1018865E7
:106E480081F85D20BA6091F83F0010F0FD0F00F066
:106E58008A81032800F02D82984404EBC80898F82A
:106E6800503083F0010388F85030A268206801365A
:106E78002035964248D206F00F0329FA03F3D907C2
:106E8800F5D55FFA86F82B6800F5A06A13F4004F71
:106E98004FEA481B0AEB4817BB68ABD113F0040351
:106EA8000DD00423BB60FB6843F00203FB60DEE700
:106EB800BB689B0640F1E5802023BB60A2E7B96868
:106EC80011F0200C00F0F98008EB880C202104EB6D
:106ED800CC0CB9609CF83D100129C8D18CF83D3024
:106EE800022341468CF85C30FB6843F00203FB60E8
:106EF80004F0DAFEA2682068B9E72046FDF766FDCF
:106F080008232068436147E74FF00073436149E76E
:106F18002668D6F840340293D6F840340393039B8E
:106F280023F02E030393029B980707D5029BD907EA
:106F380000F18181039B43F002030393029B1A072C
:106F480018D5039B43F008030393029B5B0740F1AA
:106F58007A81A169022900F08581E368012B03D1B8
:106F68004EF66022C6F804242046FDF73DFD204673
:106F7800FDF730FD2068029B9F0603D5039B43F075
:106F880020030393039BC6F84034FFE6D5F840344A
:106F9800204623F02E03C5F84034FDF71FFD0121DC
:106FA800206804F05BFE4FF0005320684361E7E679
:106FB800BB68980740F1B780FB6823F00203FB60C9
:106FC80008EB880304EBC30393F85D204FEA8803BA
:106FD800501E072824D8DFE800F02923372330047F
:106FE800230403EB080004EBC000836D0133032B7B
:106FF80096BF194604220222816580F85C205AF85F
:107008000B3023F0804343F000434AF80B3002234F
:1070180020464146BB60FDF7E5FCA268206826E7EC
:10702800434404EBC30393F85C20F0E74344012195
:1070380004EBC30383F85C10E9E74344052104EB40
:10704800C30383F85C10E2E74344022204EBC30362
:1070580083F85C205AF80B3023F0804343F0004358
:107068004AF80B30D3E7FB684146206843F0020337
:10707800FB6004F019FE4FF400732068BB60A2683F
:10708800F5E6BB68190700F1AB80BB685A057FF5C8
:10709800B9AEFB68414643F00203FB6004F004FE0E
:1070A800102208EB8803BA60082204EBC30383F8B4
:1070B8005D204FF48063BB60A4E6BB685B0600F10B
:1070C800A280BB6813F4007340F0D780B968C90781
:1070D80000F1FE80BB6813F0080340F06F81B968C7
:1070E800C90640F10A8108EB880204EBC2029365E5
:1070F800032382F85D3092F83D3043B9282303FB1F
:10710800084393F83C2012B9012283F83D20FB681C
:10711800414643F00203FB6004F0C6FD10232068DB
:10712800BB60A268A3E6BB68206813F08003014631
:1071380040F0A980BA68D20613D508EB880004EBA2
:10714800C00090F83F20032A00F04B8112F0FD02A6
:1071580004D123698265002B00F06381102308465F
:10716800BB60A26883E6FA684146206842F00202E2
:107178000193FA6004F098FD1022019BBA606BE657
:1071880006F00F0606EB860804EBC808D8F844108A
:1071980000293FF41BAE284605F5A0653A4604F0E1
:1071A80041FCD8F8443005EB46123B441169D8F845
:1071B8004C20C8F8443073013A44C8F84C20AB4A14
:1071C8000A405AB1EA5822F0804242F00042EA509E
:1071D80098F8503083F0010388F850302568F5E5B9
:1071E800FB680522414643F00203FB6008EB880375
:1071F80004EBC30383F85D201023BB600823BB6046
:1072080004F052FDFEE508EB88030422414604EB36
:10721800C30383F85D200122C3F858C083F83D20DA
:10722800FB6843F00203FB6004F03EFD4023206846
:10723800BB60A2681BE6B369204623F00053B36124
:10724800FDF7C8FB76E62046FDF7D2FBD6F84034BA
:10725800206823F02E03C6F84034836943F00053B6
:10726800836188E6029B206803F4C023B3F5802F6E
:1072780018BF012104F0F2FC76E6FB68414643F0B2
:107288000203FB60F5E6FB6808EB8802414604EB65
:10729800C20243F00203FB60936D0133936506233A
:1072A80082F85D3004F000FD80232068BB60A2688E
:1072B800DDE55AF80B00019340F000504AF80B0046
:1072C800204681F85C204146FDF78CFB019BC3E515
:1072D800FA68414642F0020C08EB880204EBC20847
:1072E800C8F85830C7F80CC004F0DEFC0123BB60B6
:1072F80088F85D30A2682068B9E5BB6819067ED4B5
:10730800B96811F4806140F09C80BB689B077FF5E9
:10731800AEADFB6823F00203FB60282303FB0843A0
:1073280093F85D30013B072B0BD8DFE803F0350AF3
:107338000404181F0A1F2823022203FB084383F8AA
:107348005C20282302222046414603FB0843BA60FA
:1073580093F85C20FDF746FBA268206887E52823A0
:10736800052203FB084383F85C20EAE7282202FB96
:107378000842936D0133032B96BF19460423022359
:10738800916582F85C305AF80B3023F0804343F063
:1073980000434AF80B30D4E72823012203FB0843B3
:1073A80083F85C2093F83F20023A012AC9D893F861
:1073B800512082F0010283F85120C2E70823414698
:1073C80008EB8808BB60FB6843F00203FB6004F02D
:1073D8006BFC052204EBC80383F85D20A2682068D3
:1073E80045E5FA680846282142F0020201FB0841F7
:1073F8008B654146FA6004F057FC2168AEE6FB68ED
:10740800414643F00203FB6004F04EFC28230622A9
:1074180003FB084383F85D2080232068BB60A268D3
:1074280025E5282303220846414603FB084383F841
:107438005D20FB6843F00203FB6004F035FC216823
:107448008CE6FB68414643F00203FB6004F02CFC29
:1074580010222823BA604FF4806203FB0843BA6005
:10746800082283F85D20A268206800E50000F81F64
:1074780090F8B832012B0CD0012310B504460068EF
:1074880084F8B83204F070FC0023184684F8B83247
:1074980010BD0220704700BF4B1C70B504462ED1AA
:1074A80001688B699E0728D48B69DD06F9D58B693D
:1074B8009A06FCD520231022CA61CB618B699807F4
:1074C80001D500238B628B69DA0703D48B6943F0FB
:1074D80001038B614B6820201D4D00222B404B601F
:1074E800636C43F00403636484F8410084F8422029
:1074F8000023012084F8403070BD002070BD0D4687
:10750800164621688B699B07F7D48B69D80610D477
:10751800FDF79AFB831BAB4201D8002DF1D1636CB8
:10752800202100220B43636484F8411084F8422030
:10753800DEE78B699B06BDD4FDF786FB831B9D4266
:10754800EDD3002DEBD021688B699B06F4D5B1E70C
:1075580000E800FE70B504460D4616462268936999
:107568009B0646D49369DB0632D5681C2CD19369F7
:107578009906FCD520231021D161D361936998071E
:1075880001D5002393629369D90703D4936943F023
:107598000103936153682020174D00212B4053604D
:1075A800636C43F00403636484F8410084F8421078
:1075B8000023012084F8403070BDFDF745FB831B94
:1075C8009D420CD35DB1226893699B06F5D5D1E73E
:1075D800FDF73AFB801BA84201D8002DBED1636C91
:1075E800202100220B43636484F8411084F8422070
:1075F800DEE7002070BD00BF00E800FE00284ED086
:1076080010B590F84130044603F0FF02002B41D03A
:1076180023682421626884F84110196822F0706296
:10762800E06821F00101012819601A619A68A168CF
:1076380022F400429A6029D041F40441022899605A
:1076480002D14FF400625A6058684FF0200C154977
:10765800226901435960D96821F40041D960D4E90D
:107668000501024342EA0122D4E90710DA60002248
:10767800014310461960196841F0010119606264FC
:1076880084F841C0226384F8422010BD41F40041CF
:107698009960D9E780F84020FBF760FDB8E7012042
:1076A800704700BF008000022DE9F843984690F823
:1076B8004130089E202B40F0848090F840300446EA
:1076C800012B7ED001230F46914680F84030FDF70C
:1076D800BBFA054604E0FDF7B7FA401B19287DD828
:1076E8002368986910F40040F5D12122C7F30907EF
:1076F800C4F8249084F841201022606384F8422062
:107708006064A4F82A80628D92B2FF2A74D8628DD0
:10771800454892B259682285D2B2014047EA0242EE
:107728000A43424911435960638D2A46314620462F
:107738009BB2002B34D0FFF7AFFE002859D1616A05
:10774800226811F8010B238D9062B4F82AC0013B1E
:1077580061620CF1FF3C9BB21FFA8CFC2385A4F8F4
:107768002AC0618D89B20029DED0002BDCD1701CC3
:107778002CD193691906FCD5638D9BB2FF2B45D993
:10778800536820462A490B402A493B431943FF23A3
:10779800238551602A46638D31469BB2002BCAD19E
:1077A800FFF7D8FE28BB23682021234DD9615A68EA
:1077B8002A405A6084F8411084F8400084F8420056
:1077C80000E00220BDE8F88346B1226893691B06F1
:1077D800D2D4FDF739FA431B9E42F5D2636C2021BF
:1077E80000220B4384F84020636484F8411084F835
:1077F80042200120BDE8F8835A680B490A400F4926
:107808003A431143FF22228559608DE7638D08486A
:107818009BB2D9B22385536803403B4343EA0143F3
:1078280043F0007353607FE7009800FC002000825B
:10783800009C00FC0000FF0100E800FE0020FF8122
:107848002DE9F8431D4690F84130202B40F0838005
:1078580004460E46002978D0B2FA82F817464FEA55
:107868005818002A71D05FFA83F990F84030012B3C
:1078780071D0012380F84030FDF7E6F92168212313
:107888006A1C6662064684F8413084F84290C4F85F
:10789800448067854B68C4F8348023F400434B6008
:1078A80064D18A691307FCD50823CB61E368022BEE
:1078B80006D08B69DB031ED48B69DB03F9D51AE08C
:1078C8008B691807FCD50823CB61F2E732462946B5
:1078D8002046FFF7E1FD002840D1636A226813F8CB
:1078E800011B9162B4F82AC063620CF1FF3C1FFAD5
:1078F8008CFCA4F82AC0638D9BB2002BE6D13246DB
:1079080029462046FFF726FE70B32268536843F4E1
:1079180000435360636C042B1AD100236364202353
:10792800681CD36152D193691904FCD451680023AF
:10793800202041F40041516084F84100184684F841
:10794800423084F84030BDE8F8834FF40073636434
:107958000120BDE8F8830220BDE8F8832268536857
:1079680043F400435360F3E72268D8E78B691F07A5
:107978000AD4FDF769F9831B9D4235D3002D33D016
:1079880021688B691F07F4D50823CB61E368022BB4
:107998000ED18B691A0709D4FDF756F9831B9D424E
:1079A80022D30DB321688B691A07F5D50823CB615B
:1079B8008B69DF039FD4FDF747F9831B9D4213D3DF
:1079C80095B121688B69DF03F5D594E793691B04AA
:1079D800ACD5FDF739F9831B9D4205D325B1226843
:1079E80093691B04F5D4A1E7636C20200021226869
:1079F800034384F84010636484F8410084F842101B
:107A0800536843F400435360A2E700BF0268436B26
:107A18009169126803B11847704700BF90F8410098
:107A2800704700BF90F84120202A23D15FFA82FCDA
:107A380090F840200346012A1CD00268242000B593
:107A480083F841004FF0000E106820F0010010602C
:107A5800106820F48050106010680143704611606F
:107A6800116841F00101116083F841C083F840E0DA
:107A78005DF804FB0220704790F84120202A22D1AB
:107A8800034600B55FFA82FE90F84020012A1CD018
:107A9800026824204FF0000C83F84100106820F0A1
:107AA80001001060106820F4706040EA012160460F
:107AB8001160116841F00101116083F841E083F819
:107AC80040C05DF804FB0220704702205DF804FB0B
:107AD80003682DE9F04F87B004461846029304F076
:107AE80077F810B107B0BDE8F08F0546206804F0BC
:107AF8001FF80028F6D0206804F01AF810F0020FDA
:107B0800206803D0436903F00203436104F010F8CE
:107B1800000300F1A5814FF0000A206804F008F87E
:107B280010F4802F206840F0F38004F001F800285A
:107B380079DB206803F0FCFF000568D4206803F0B7
:107B4800F7FF020114D52268536903F000635361FB
:107B580094F8F433002B40F0EB810121204684F89F
:107B6800F413536DC3F38303C4F8F83300F036FC01
:107B7800206803F0DDFFC30400F18280206803F071
:107B8800D7FF10F4005F206863D103F0D1FF10F035
:107B9800100F206815D0836923F010038361029BBE
:107BA8001D6A05F4F01305F00F06B3F5802F00F0F9
:107BB8003582B3F5402F00F0D181836943F010037B
:107BC800836103F0B5FF070700F1A981206803F07E
:107BD800AFFFC60200F19881206803F0A9FF850273
:107BE80000F18781206803F0A3FF400000F178814D
:107BF800206803F09DFF41077FF574AF23685D6837
:107C08006A0700F12C825A682A435A606AE7029B85
:107C1800D3F80838D90700F11E822068436903F4B5
:107C2800006343618BE7029B03F50062D3F80438D5
:107C380023F00103536094F8F433012B00F087819B
:107C48002046FCF751FE2068436903F00043436176
:107C580070E703F0C1FF206803F0F0FC2568E060DE
:107C680001F026FD227B0146284603F04BFC204606
:107C7800FCF710FE2068436903F40053436184E76E
:107C8800029B1021206803F50066736823F0010346
:107C9800736003F0B9FC6068B0B1029B4FF67F31A6
:107CA80003F51063996001351A682033854222F480
:107CB800001243F8202CC3F8E811D3F8E02122F48D
:107CC8000012C3F8E021EDD1F36943F00113F36129
:107CD800236B002B40F03081726942F22B0313436F
:107CE8007361336943F00B033361029904F57172D0
:107CF8002068D1F8003823F4FE63C1F80038217CED
:107D080003F084FF2068436903F48053436136E736
:107D180003F026FF82462068BAF1000F3FF405AF52
:107D2800029B27464FF0000BD04603F51069CDE9BA
:107D380003A509E05FEA58080BF1010B07F11C07DE
:107D480009F1200900F01D8118F0010FF2D05FFA47
:107D58008BFA514603F020FFC50706461FD50121BF
:107D680002980BF00F02D0F8343801FA02F223EA35
:107D78000203C0F834382369C9F808108B4203D1CC
:107D8800D7E911231344BB6451462046FCF774FD20
:107D98002369012B03D1BBF1000F00F0AB812568EB
:107DA800300702D50823C9F80830F10602D5102398
:107DB800C9F80830720602D54023C9F80830B3075D
:107DC80002D50223C9F8083036062846B2D5D7E9C5
:107DD8001463B342AED8A6EB030E7A6C05F5106CAB
:107DE80096450CEB4B1C28BF9646DCF818100EF194
:107DF80003021FFA81FEBEEB920FC0F07181CDF82D
:107E080014B0E3461AE07B6C5246B96C28469E4291
:107E180028BF1E46237C0093B3B203F0EDFDBB6C74
:107E2800DBF81820334492B2BB647B6D33440336CD
:107E3800B2EB960F7B65C0F04F813E6D9E42A6EB7C
:107E48000306E0D8DDF814B020680BF00F03012218
:107E58009A40D5F8343823EA0203C5F8343869E77C
:107E6800206803F06FFE814600283FF454AE029B61
:107E78000646A3464FF0000803F530672068CDE9B1
:107E8800039507E0760808F1010807F120070BF1D0
:107E98001C0B7DD0F107F5D55FFA88F5294603F06C
:107EA8006DFE10F0010F814679D100F00803002B18
:107EB80040F0A280206819F0100F01D01023BB6099
:107EC80019F0200F05D02169012900F00D81202328
:107ED800BB6019F4005FD5D04FF40053BB60D1E705
:107EE8002046FCF70DFD2068436903F08043436199
:107EF8007FE620465FFA8AF1FCF7FAFC20684369BE
:107F080003F4001343616EE620465FFA8AF1FCF73A
:107F1800F3FC2068436903F4801343615DE620465F
:107F2800FCF7B4FC2068436903F0080343614EE69C
:107F38002046FCF7C1FC1BE6D6F8843043F00B035F
:107F4800C6F88430736C43F00B037364CDE60021EC
:107F5800204684F8F41300F041FA74E6C6EBC6062E
:107F6800082204F57171029803F05CFDC5F30A1349
:107F780004EB86022068D2F814120B44C2F81432BB
:107F88001BE6DDE903A5BAFA8AF3C3F1200ACCE5BA
:107F9800DDE90395B9FA89FBCBF1200ABEE5206833
:107FA8000123226900F5306ABB60012AD0F840E05D
:107FB8000AEB481A09F00803DAF8081072D0734A75
:107FC800964568D10A0461D54FF40042CAF80820E2
:107FD800002B3FF470AF036CDAF808106B4A934239
:107FE80042D020460593FCF737FC694A059B93422B
:107FF80043D80823BB605DE72368226903F5306A2C
:108008001B6C012A0AEB481ADAF80810E6D1604A14
:10801800934229D82046FCF71FFCEAE747F6F0739D
:108028001D423FF4CAADC6EBC606C5F30A12029854
:1080380004EB86061546D6F8081203F0F3FCD6F8CA
:10804800083220682B44C6F80832D6F814322B447C
:10805800C6F81432B1E52046FCF72EFCDDE52046D3
:10806800FCF752FC2368CEE50B044FD54FF40043D0
:108078002046CAF80830FCF7EFFB21690129B8D17E
:1080880004F57172206803F0C1FDB2E78A0602D5D3
:108098002022CAF80820294620460593FCF7E2FB6F
:1080A800059B04E70A0735D5394A964505D90904D9
:1080B80003D54FF40042CAF8082020460593FCF780
:1080C800CBFB04F571720121206803F09FFD0822A3
:1080D800059BCAF80820EAE6DDF814B03E6D206872
:1080E8009E423FF627AEB0E604F5717203F08EFDAE
:1080F8002068ECE6236D2568002B7FF451AE2846F6
:1081080004F57172012103F081FD48E62046FCF771
:10811800A3FBB2E78A0609D52022CAF80820002B5B
:108128003FF4C9AE036CDAF8081070E7184A9645B0
:1081380006D9090404D54FF40042CAF80820EEE72E
:10814800DAF810202946DBF80402C2F3120205937C
:10815800821ACBF81422DBF8082202442046CBF816
:108168000822FCF77FFB059BB8F1000F7FF49FAE58
:10817800D4F81022002A7FF49AAE04F57172012116
:10818800206803F043FD059B91E600BF0A31544F78
:108198000A30544F90F8BC23012A0ED0012210B5A2
:1081A8000446006884F8381084F8BC2303F0AEFC59
:1081B8000023184684F8BC3310BD0220704700BF66
:1081C80010B501F00F0E09060446CEEBCE0C4FEAAF
:1081D8008C0C25D40CF5FE714FF0000C0144CEEB4D
:1081E800CE0004EB800080F8FDC18A604A7881F8EF
:1081F80000E0CB700AB1A1F806E0022B01D1002300
:108208000B7194F8BC33012B16D00123206884F835
:10821800BC3303F025FA0023184684F8BC3310BD9C
:108228000CF13C014FF0010C0144CEEBCE0004EB05
:10823800800080F83DC0D8E7022010BD10B501F0DD
:108248000F041C21C4EBC40C01FB040100EB8C0CD3
:1082580001F5FE71CCF810320023CCF808228CF816
:10826800FC41CCF814328CF8FD3103690068012B0D
:1082780008BFCCF80C22DAB21CB903F041FB00208D
:1082880010BD03F033FA002010BD00BF10B501F097
:108298000F041C21C4EBC40C01FB040100EB8C0C83
:1082A8003C31CCF850300023CCF84820CCF854307E
:1082B80001238CF83C408CF83D3003690068012BA1
:1082C80008BFCCF84C20DAB21CB903F019FB002027
:1082D80010BD03F00BFA002010BD00BF38B543688D
:1082E80001F00F059D4234D80B0604461DD41C220C
:1082F800C1EBC10302FB010100EB8303002201F57E
:10830800FE7183F8FD2101230D708B7094F8BC2356
:108318009A421CD0206884F8BC3303F093FBD5B193
:108328000023184684F8BC3338BD1C21C5EBC503AF
:10833800012201FB050100EB83033C3183F83D205A
:1083480001230D708B7094F8BC239A42E2D102206D
:1083580038BD012038BD04F57172217C206803F016
:1083680055FCDDE701F00F0238B543689A4233D86F
:10837800C2EBC203090604464FEA83031AD4C2EBD0
:10838800C20003F5FE73002504EB8000E11880F8B5
:10839800FD5100250A708D7094F8BC33012B19D05B
:1083A8000123206884F8BC3303F084FB284684F852
:1083B800BC5338BDC2EBC2003C33012504EB80003E
:1083C800E11880F83D5000250A708D7094F8BC3390
:1083D800012BE5D1022038BD012038BD704700BF10
:1083E80038B5114BDA68520704D4DB6803F0070389
:1083F800834214D10C4CE36823F007030343E36082
:10840800FCF722FC054605E0FCF71EFC401BB0F516
:108418007A7F06D863689B04F6D5002038BD012012
:1084280038BD032038BD00BF00480258024AD3684F
:1084380043F08073D360704700480258B2F1406F30
:108448004B6A2DE9F04301D0002B53D18C69D1E957
:10845800079764B323430468486913434D6B4FEA95
:10846800804C0868D1E90B86002F66D043EA070ED6
:108478008B680F69E361B9F1000F75D040EA090311
:10848800C868B2F1406F43EA080343EA060343EAC7
:10849800050343EA070343EA000343EA0C0343EAFC
:1084A8000E0363616AD04B68A361BDE8F08337B3FC
:1084B8003B4304684D6988681343AD044E6BE06123
:1084C8000869D1E90BC7B9F1000F63D040EA090088
:1084D800B2F1406F40EA0C0040EA070040EA0600AB
:1084E800CE6840EA060040EA050043EA00036361FB
:1084F800D9D143E08C6A0568013C2C61A6E7B9F143
:10850800000F50D043EA0903CC6A0068B2F1406F0B
:1085180043EA020343EA04030C6B43EA04034C6B8B
:1085280043EA0403CC6843EA04034C6943EA8443FE
:10853800436123D04B68836120E0B9F1000F1FD05D
:1085480040EA0900B2F1406F40EA080040EA06003C
:1085580040EA0500CD6840EA050040EA0C0043EA1D
:10856800000363619FD109E040EA080333432B43CA
:108578003B4343EA0C0343EA0E036361BDE8F0831F
:1085880040EA080232432A4342EA0C021343636179
:10859800BDE8F08340EA0C023A4332432A431343CE
:1085A8006361BDE8F083002BE8D0CC6A0068234300
:1085B8000C6B13434A6923434C6B234343EA8243BE
:1085C8004361DBE770B50446FCF73EFB002C57D04F
:1085D80094F84030012B55D00123054684F84030EB
:1085E80094F8413003F0FF02002B37D0A66C2268C4
:1085F800A1681368013923F4706343EA0123136007
:1086080093689B0604D5701C32D193689906FCD4F4
:10861800D4E90750E36811682B43002503436068D9
:1086280043EA00631C480840616903431360A36977
:1086380050680B43216943EA014318490140284621
:108648000B435360136843F001031360012365640F
:1086580084F84130002384F8403070BD204684F807
:108668004020FBF7A5F941F288331E46A364BEE714
:10867800FCF7EAFA401BB04206D82EB12268BFE7E1
:10868800012070BD022070BD0423012084F8413010
:10869800636C03436364DDE72FFFFF00FEF8E0FF30
:1086A800C8B110B590F840300446012B11D00268CB
:1086B800012380F84030136823F001031360FBF7AF
:1086C80005FA00236364184684F8413084F8403082
:1086D80010BD022010BD0120704700BF2DE9F843EE
:1086E80004460F461646FCF7AFFA94F84030012BC3
:1086F80033D0012384F8403094F84130012B5FFADD
:1087080083F807D04FF002080023404684F8403031
:10871800BDE8F8830023711C814663644FF00203AF
:1087280084F841301ED12568AA6812F02002FBD1D6
:1087380039462046FFF782FE7B6A2BB1012384F875
:1087480041304FF00008DFE7AB689A07FCD50222FA
:108758000123EA6084F84130F3E74FF0020840460D
:10876800BDE8F8832568AA6812F020020FD0FCF74C
:108778006BFAA0EB09039E4201D3002EF2D1042329
:1087880084F84130636C43F001036364BCE7394605
:108798002046FFF753FE7B6A002BCFD1AB689B07BF
:1087A800D5D4FCF751FAA0EB09039E42E7D3002E7B
:1087B800E5D02568F2E700BF2DE9F84304460E46E8
:1087C8001746FCF741FA94F840302568012B38D059
:1087D800012384F8403094F84130012B5FFA83F884
:1087E80007D04FF002080023404684F84030BDE827
:1087F800F883002363644EB31223814684F8413022
:108808002B690133E3622B6966620133A3626B69EA
:1088180023F040636B61E36A4BB37B1C3ED1314666
:108828002A4693685E07FCD50B7885F82030E36A02
:10883800616A013B0131E362E36A61625BB122680C
:10884800EFE74FF002084046BDE8F883636C43F059
:1088580008036364C7E72568AB689A07FCD5022359
:108868004FF00008EB60012384F84130BBE7791C26
:10887800F2D007E0FCF7E8F9A0EB09039F4205D323
:1088880027B12568AB689B07F4D5E8E7042384F88B
:108898004130636C43F001036364E4E72B4608E06E
:1088A800FCF7D2F9A0EB09039F42EFD3002FEDD0DC
:1088B80023689B685807F3D5636A1B7885F82030CE
:1088C800E26A636A013A0133E262E26A6362002A99
:1088D800EED1D6E72DE9F843044617460E46FCF7D5
:1088E800B3F92568AA6994F84030012B3CD00123DC
:1088F80084F8403094F84130012B5FFA83F807D0B0
:108908004FF002080023404684F84030BDE8F88361
:10891800002363646EB32223814684F841302B69B7
:108928000133A3632B692663013363636B6923F007
:10893800406343F080636B61AA61A36B53B3781CF7
:108948003FD131462A46936813F0060FFBD095F8BD
:1089580020300B70A36B216B013B0131A363A36B28
:1089680021635BB12268EEE74FF002084046BDE89C
:10897800F883636C43F008036364C3E72568AB6856
:108988009A07FCD502234FF00008EB60012384F816
:108998004130B7E7791CF2D007E0FCF755F9A0EBB6
:1089A80009039F4205D327B12568AB689B07F4D517
:1089B800E8E7042384F84130636C43F001036364FF
:1089C800E4E72B4608E0FCF73FF9A0EB09039F42D8
:1089D800EFD3002FEDD023689B6813F0060FF2D079
:1089E80095F82020236B1A70A26B236B013A013390
:1089F800A263A26B2363002AEDD1D5E72DE9F047E6
:108A0800044698460F461646FCF71EF994F840307F
:108A1800012B3FD0012384F8403094F84130012BDA
:108A28005FFA83F907D04FF002090023484684F81B
:108A38004030BDE8F0870023B8F1FF3F8246636409
:108A48004FF0420384F8413029D12568AB68980675
:108A5800FCD4336820463269AB627368F1686B6294
:108A6800B368EB622B6823F4400313434FF00062B2
:108A780043F480032B60B9623946FFF7DFFCAB682B
:108A88001A07FCD5082201234FF00009EA6084F890
:108A98004130CAE74FF002094846BDE8F08725682B
:108AA800AB68990610D5FCF7CFF8A0EB0A039845F8
:108AB80002D3B8F1000FF2D1042384F84130636C7B
:108AC80043F001036364B0E73368394632692046EE
:108AD800AB6273686B62B368EB622B6823F4400384
:108AE8001343F26843F480032B60BA624FF00062CC
:108AF800FFF7A4FCAB681B07C4D4FCF7A5F8A0EBF0
:108B08000A039845D8D3B8F1000FD5D02568AB68CB
:108B18001B07F2D5B6E700BF2DE9F043044683B042
:108B28000F461646FCF790F894F84030012B30D0E9
:108B3800012384F8403094F84130012B5FFA83F820
:108B480008D04FF002080023404684F8403003B0B4
:108B5800BDE8F083002381466364822384F84130B2
:108B6800A36C581C1BD12568AB689906FCD42B68EC
:108B7800726823F00803082A43EA02032B6024D012
:108B88004FF04062394620464FF00008FFF756FC88
:108B9800D9E74FF00208404603B0BDE8F0832568E6
:108BA800AA689206E3D50193FCF74EF8019BA0EB67
:108BB8000902934201D3002BF1D1042384F84130F8
:108BC800636C43F001036364BDE7326810232A63D2
:108BD800EB602B6843F480132B60D1E7704700BF2C
:108BE80008B5006C00238363C36290F84130082BFA
:108BF8000BD103680222DA601A6842F400321A6064
:108C08001A6842F002021A6008BD012380F8413058
:108C1800FFF7E4FF08BD00BF704700BF704700BF03
:108C2800704700BF704700BF704700BF704700BF64
:108C3800704700BF38B5036804469A681968550735
:108C48000ED548030CD594F84120122A75D094F813
:108C58004120222A00F0A1802046FFF7E5FF38BD19
:108C6800950726D5880324D50222DA601A6822F4EB
:108C7800E0221A6094F84120122A7AD094F8412010
:108C8800222A00F0A98094F84120022A00F0D0801E
:108C980094F84120082AE2D15A690121204622F09D
:108CA80040625A6184F84110636C3BBBFFF7B4FF24
:108CB80038BD150725D4D50735D5C80333D50125C3
:108CC800DD601A6822F470221A60626C42F00202B7
:108CD80062641A68520779D51A68E06B22F00402B8
:108CE8001A60574B836505F063FD0028B7D0636CA5
:108CF800204643F00403636484F84150FFF76EFF95
:108D080038BD0803D7D50822DA601A68520206D59A
:108D18001A68012122F410221A6084F841102046B2
:108D2800FFF784FF38BDD00699D5CA0297D510221F
:108D38002046DA60FFF77CFF38BD9A6850078BD56C
:108D480018460EE0626A127883F82020E16A2068EB
:108D58000139626AE1620132816862624D077FF51A
:108D68007BAFE26A002AEDD1036823F48023036015
:108D780072E71A68510709D51A68E16B22F00402F4
:108D880009681A60CB6823F00103CB6001232046F1
:108D980084F84130FFF746FF38BD9A6852077FF5DF
:108DA8005BAF18460EE093F82010226B1170A16B90
:108DB80020680139226BA163013281682263490767
:108DC8007FF54AAFA26B002AEDD1CDE7204684F8A3
:108DD8004150FFF703FF38BD1A6852071DD49A683F
:108DE80012F47C5F0FD111E093F82010226B117000
:108DF800A16B20680139226BA1630132816822636B
:108E080011F47C5F02D0A26B002AEDD10123204629
:108E180084F84130FFF704FF38BD1A68E16B22F08F
:108E2800040209681A60CB6823F00103CB60EDE700
:108E38000123204684F84130FFF7F0FE38BD00BF1B
:108E4800E98B0008002800F08382F8B5036804461F
:108E5800D80730D59F490A69896A02F03802102A72
:108E680000F00081182A00F0F8806368B3F5803FAD
:108E780000F02081002B00F05E81B3F5A02F954B08
:108E88001A6800F02D8222F480321A601A6822F4DF
:108E980080221A60FBF7D8FE8E4E41F288370546CD
:108EA80005E0FBF7D1FE401BB84200F2428133686F
:108EB8009A03F6D523689D0700F18580D9062FD53A
:108EC800844A1369926A03F03803082B00F0DA80A9
:108ED800182B00F0D280E3697E4D002B00F06581ED
:108EE8002B6843F080032B60FBF7AEFE064605E0D7
:108EF800FBF7AAFE801B022800F21B812B68DB050A
:108F0800F6D5FBF7B9FE41F20303984200F2098255
:108F18006B68226A23F0F84343EA82636B60236834
:108F28001D0716D563696B4D002B00F01C816B6F14
:108F380043F001036B67FBF787FE064605E0FBF786
:108F480083FE801B022800F2F4806B6F9807F6D529
:108F580023689A0616D5A3695E4D002B00F014818C
:108F68002B6843F480532B60FBF76EFE064605E042
:108F7800FBF76AFE801B022800F2DB802B689F0447
:108F8800F6D52368590700F19B80636ACBB1514D30
:108F98002A6902F03802182A6DD0022B2B6823F0B8
:108FA80080732B6000F03781FBF74EFE044605E026
:108FB800FBF74AFE001B022800F2BB802B689B01CE
:108FC800F6D40020F8BD434A1369926A13F03803B7
:108FD80029D1404BE2681B68590701D5002A4AD0BD
:108FE8003C4D2B6823F0190313432B60FBF72CFE31
:108FF800064605E0FBF728FE801B022800F2998050
:109008002B685B07F6D5FBF737FE41F203032269AD
:1090180098426B6800F2F08023F47C3343EA023311
:109028006B6023684AE7182B00F0E280294DE2685C
:109038002B68002A00F0CB8023F0190313432B6020
:10904800FBF702FE064604E0FBF7FEFD801B022844
:109058006FD82B685F07F7D5D5E701F00301022920
:109068007FF403AF1B4A126891037FF524AF62684F
:10907800002A7FF420AF0120F8BD02F00302012A84
:109088007FF429AF134B1B68DA0502D5E369802BFF
:10909800F1D1FBF7F1FD41F203030E4A9842216A30
:1090A80000F2B180536823F0F84343EA81635360C8
:1090B800236835E7074A136843F480331360E9E609
:1090C800054D2B6843F480732B60FBF7BDFD064606
:1090D80009E000BF0044025800480258FBF7B4FDFD
:1090E800801B642825D82B68DA05F7D5A368012BDF
:1090F80000F02081002B00F0FB80052B954B1A6FA8
:1091080000F01E8122F001021A671A6F22F0040291
:109118001A67FBF799FD8F4E41F28837054604E040
:10912800FBF792FD401BB84203D8336F9B07F7D576
:109138002BE70320F8BD874D41F288372B6823F4CD
:1091480080332B602B6823F480232B60FBF77CFD96
:10915800064604E0FBF778FD801BB842E9D82B6887
:109168009B03F7D4A6E66B6F23F001036B67FBF74D
:109178006BFD064604E0FBF767FD801B0228D8D884
:109188006B6F9907F7D4E3E62B6823F480532B60C1
:10919800FBF75AFD064604E0FBF756FD801B022844
:1091A800C7D82B689804F7D4EBE62B6823F0800324
:1091B8002B60FBF749FD064604E0FBF745FD801BE5
:1091C8000228B6D82B68DF05F7D42368A8E623F071
:1091D80001032B60FBF738FD064604E0FBF734FD7E
:1091E800801B0228A5D82B685807F7D4236865E6A2
:1091F80090077FF41BAFECE623F0FE4343EA0263DB
:109208006B6023685AE6D36823F07C5343EA016312
:10921800D360236884E6FBF717FD064604E0FBF7F6
:1092280013FD801B022884D82B689901F7D4A96AFA
:10923800494BA26A0B401343E26A43EA0213AB624A
:10924800216BD4E90D320139013B013AC1F3080120
:109258005B0212049BB202F4FE021343E26B013A72
:109268000B43120602F0FE4213432B63EB6A23F012
:109278000103EB626B6BA26C6FF3CF0343EAC2038B
:109288006B63EB6A226C23F00C031343EB62EB6A0B
:10929800626C23F002031343EB62EB6A43F48033FE
:1092A800EB62EB6A43F40033EB62EB6A43F480232E
:1092B800EB62EB6A43F00103EB622B6843F08073C7
:1092C8002B60FBF7C1FC234D044605E0FBF7BCFC13
:1092D800001B02283FF62DAF2B689A01F6D570E6E1
:1092E80042F480221A601A6842F480321A60D1E58A
:1092F800184D41F288372B6F23F001032B672B6F32
:1093080023F004032B67FBF79FFC064605E0FBF7F9
:109318009BFC801BB8423FF60CAF2B6F9807F6D426
:1093280033E6EB68226A23F07C5343EA0263EB607E
:109338002368F5E5074A136F43F001031367E8E66E
:1093480042F004021A671A6F42F001021A67E0E657
:1093580001207047004402580CFCFFFF3F4A136984
:1093680003F03803102B4FD0182B0AD0002B4DD107
:10937800136899064CD513683948C3F3C103D8401C
:109388007047916A30B4946AD56A14F47C7F536B41
:10939800C4F3051036D0C3F3CC0305F0010501F082
:1093A800030107EE900A05FB03F30129F8EEE77ABB
:1093B80006EE903AFAEEE96A02D0022948D049B39B
:1093C8009FED287A87EE276A136BC3F3080307EE2D
:1093D800103AF7EE005AB8EEC77A37EE267A37EE2B
:1093E800257A27EE067A1D4B1B6BC3F34623013300
:1093F80007EE903AF8EEE76AC7EE267AFCEEE77ACF
:1094080017EE900A30BC70471748704717487047E6
:109418001348704713689B061DD51068F7EE005A6D
:10942800136B0F49C0F3C102C3F30803D14007EE21
:10943800103A06EE101AB8EEC77AB8EEC66A77EE9A
:10944800266A86EE277A76EEA57A27EE277ACAE785
:109458009FED077AB6E79FED077AB3E70044025815
:109468000090D0030024744A0024F40000093D0051
:109478000024744B0024744C002800F00481884AAE
:10948800136803F00F038B422DE9F04104460D46A3
:109498000CD2136823F00F030B431360136803F017
:1094A8000F038B4202D00120BDE8F08123685807E2
:1094B8000BD57C4920698A6902F07002904204D970
:1094C8008A6922F0700202438A6119070BD575492F
:1094D8006069CA6902F07002904204D9CA6922F030
:1094E80070020243CA61DA060BD56E49A069CA69DF
:1094F80002F4E062904204D9CA6922F4E0620243AD
:10950800CA619F060BD56749E0690A6A02F07002D2
:10951800904204D90A6A22F0700202430A629E0746
:1095280003F0010240F1A1805E4EE068B16901F0EC
:109538000F01884204D9B16921F00F010143B161DB
:10954800002A30D0574AA168936923F470630B430B
:10955800936161681368022900F09780032900F07D
:109568008E80012900F097805F079CD54D4E41F20F
:109578008838336923F007030B433361FBF764FB37
:10958800074605E0FBF760FBC01B404500F2818001
:109598003369626803F03803B3EBC20FF2D1236872
:1095A8009E0706D5E0683F498A6902F00F0290429B
:1095B8005FD33B490A6802F00F02AA420AD90A6837
:1095C80022F00F022A430A600A6802F00F02AA4238
:1095D8007FF469AF58070BD5324920698A6902F0D0
:1095E8007002904204D28A6922F0700202438A61B2
:1095F80019070BD52B496069CA6902F070029042BD
:1096080004D2CA6922F070020243CA61DA060BD595
:109618002449A069CA6902F4E062904204D2CA6986
:1096280022F4E0620243CA619B060BD51D4AE16938
:10963800136A03F07003994204D2136A23F070038B
:109648000B431362FFF78AFE164A034616489269CF
:109658001649C2F30322825C0E2002F01F02D34097
:10966800BDE8F0410B60FBF78DBA002A7FF46AAFC2
:109678009FE78A6922F00F0202438A6199E79A01FB
:109688003FF574AF0FE70120704798033FF56EAFC1
:1096980009E7032008E7DB053FF568AF03E700BFEC
:1096A8000020005200440258040B0108A0000024C6
:1096B80008B501F015FA064B06499B69064A03F0FE
:1096C8000F03CB5C03F01F03D840106008BD00BF38
:1096D80000440258040B01089C00002410B501F056
:1096E800FFF90949094A8B69094C03F00F03D35C58
:1096F80003F01F03D8402060CB69C3F30213D35C87
:1097080003F01F03D84010BD00440258040B0108A1
:109718009C00002410B501F0E3F90949094A8B6956
:10972800094C03F00F03D35C03F01F03D8402060FB
:10973800CB69C3F30223D35C03F01F03D84010BDE9
:1097480000440258040B01089C000024F8B5364C6C
:1097580006460F46236823F080632360FBF774FAFC
:10976800054604E0FBF770FA401B022856D8236828
:109778001A01F7D4A36A326823F47C3343EA02332C
:10978800A362D6E90232013B013A5B0212049BB2A2
:1097980002F4FE0213437268013AC2F3080213434B
:1097A8003269013A120602F0FE421343A363E36AE8
:1097B800726923F0C0031343E362E36AB26923F0DA
:1097C80020031343E362E36A23F01003E362E36BCD
:1097D800F2696FF3CF0343EAC203E363E36A43F03A
:1097E8001003E362E36ADFB1012F0CBF43F4801377
:1097F80043F40013E3620C4C236843F08063236056
:10980800FBF722FA054604E0FBF71EFA401B022884
:1098180004D823681B01F7D50020F8BD0320F8BD44
:1098280043F40023E362E6E700440258F8B5364CF7
:1098380006460F46236823F080532360FBF704FA9B
:10984800054604E0FBF700FA401B022856D82368B7
:109858009A00F7D4A36A326823F07C7343EA025370
:10986800A362D6E90232013B013A5B0212049BB2C1
:1098780002F4FE0213437268013AC2F3080213436A
:109888003269013A120602F0FE4213432364E36A86
:10989800726923F440631343E362E36AB26923F411
:1098A80000731343E362E36A23F48073E362636C37
:1098B800F2696FF3CF0343EAC2036364E36A43F4D4
:1098C8008073E362E36ADFB1012F0CBF43F4000346
:1098D80043F08073E3620C4C236843F080532360A9
:1098E800FBF7B2F9054604E0FBF7AEF9401B022886
:1098F80004D823689B00F7D50020F8BD0320F8BDE5
:1099080043F48003E362E6E7004402582DE9F84394
:109918000368044613F0006623D0426EB2F5001FB8
:1099280000F0168500F2FD85002A00F02A85B2F5C0
:10993800801F40F0FA85A24A926A02F00302032AC5
:1099480000F0F38502210430FFF700FF0646236884
:109958003EB9626E9A480026016D21F440110A430F
:109968000265DD050AD5626D042A06D8DFE812F023
:109978006B03B3049F0470037003012635469805F2
:1099880022D5A26D802A00F07E8400F2BF85002ACD
:1099980000F0AF84402A40F0C085894A926A02F0FC
:1099A8000302032A00F0B9850021201DFFF7CEFE2F
:1099B80023680546002D40F077848149A06D0A6D23
:1099C80022F4E07202430A65590526D5D4F8A4208A
:1099D800B2F5800F00F0E38400F28985002A00F0D8
:1099E800C584B2F5001F40F08A85754A926A02F074
:1099F8000302032A00F083850021201DFFF7A6FE3D
:109A080023680546002D40F0B9846D49D4F8A400B8
:109A18008A6D22F4600202438A651A0526D5D4F8B5
:109A2800A820B2F1007F00F07F8400F24885002A68
:109A380000F0AE84B2F1807F40F04985604A926AB6
:109A480002F00302032A00F042850021201DFFF7DF
:109A58007DFE23680546002D40F077845849D4F8E8
:109A6800A8008A6D22F0E06202438A659F0118D53A
:109A7800A26C202A00F0C08300F25A853AB1102A5D
:109A880040F059854E49CA6A42F40032CA62002D34
:109A980040F02C834A49A06CCA6C22F03002024381
:109AA800CA64D80424D5E26DB2F5005F00F02884BA
:109AB80000F21185002A00F08284B2F5805F40F040
:109AC80012853F4A926A02F00302032A00F00B85CE
:109AD8000021201DFFF73AFE23680546002D40F0BF
:109AE80020843749E06D0A6D22F4E04202430A659A
:109AF800990422D5226EB2F5003F00F0B28300F23D
:109B0800B58482B1B2F5803F40F0BA842C4A926A9B
:109B180002F00302032A00F0B3840121201DFFF79D
:109B280015FE23680546002D40F0FD822449206E6D
:109B38000A6D22F4E02202430A655A0424D5D4F8B7
:109B4800AC20B2F1005F00F0FE8200F29D8482B189
:109B5800B2F1805F40F0A284194A926A02F00302CF
:109B6800032A00F09B840121201DFFF7EFFD2368E5
:109B78000546002D40F0D9821149D4F8AC008A6D11
:109B880022F0E04202438A651F040DD5E26EB2F16D
:109B9800805F00F0DB81B2F1005F00F0D584002A1D
:109BA80000F0D98101263546D80114D5626C032A04
:109BB80000F2E384DFE812F00B0006000B030B0051
:109BC800004402583549CA6A42F40032CA62002D7C
:109BD80000F08E822E46590200F1F481DF072FD55E
:109BE800A26F282A2AD8DFE812F0D101290029001B
:109BF80029002900290029002900C4012900290079
:109C08002900290029002900290015042900290014
:109C180029002900290029002900D101290029004B
:109C280029002900290029002900D101290029003B
:109C380029002900290029002900D10101263546DB
:109C480098071CD5626F052A00F28F84DFE812F0AE
:109C580013000600D0031300130013000F4A926A82
:109C680002F00302032A00F080840121201DFFF77F
:109C78006DFD23680546002D00F04D822E465907DC
:109C88001FD5D4F89020052A00F27384DFE812F07B
:109C9800150008009E031500150015000044025821
:109CA800A94A926A02F00302032A00F062840121A1
:109CB800201DFFF74BFD23680546002D00F022828A
:109CC8002E469A0624D5D4F88C20B2F1005F00F015
:109CD8005C8200F2BE8382B1B2F1805F40F0C38340
:109CE800994A926A02F00302032A00F0BC83002119
:109CF800201DFFF72BFD23680546002D40F0198233
:109D08009149D4F88C004A6D22F0E04202434A653A
:109D18005F0624D5D4F89820B2F5006F00F046828B
:109D280000F2C08382B1B2F5806F40F0C583864AE5
:109D3800926A02F00302032A00F0BE830021201D6C
:109D4800FFF704FD23680546002D40F0F0817E49A9
:109D5800D4F898008A6D22F4E05202438A65180606
:109D680024D5D4F89C20B2F5804F00F0FD8100F294
:109D7800638382B1B2F5005F40F06883724A926AE9
:109D880002F00302032A00F061830021201DFFF77F
:109D9800DDFC23680546002D40F0CD816A49D4F8E2
:109DA8009C008A6D22F4604202438A6519070BD52C
:109DB800D4F88010B1F5805F00F067816248426D89
:109DC80022F440520A434265DA060BD5D4F89410BF
:109DD800B1F5807F00F048815B48826D22F44072C3
:109DE8000A4382651F0322D5D4F8A010B1F5803F3D
:109DF80000F02582B1F5003F0ED0002940F0B68072
:109E0800514A926A02F00302032A00F0AF80201D33
:109E1800FFF79CFC23680546002D40F08E814A49D7
:109E2800D4F8A0008A6D22F4403202438A655803B0
:109E38000FD5D4F88420B2F5001F00F0EE81B2F5FA
:109E4800401F00F0B380B2F5801F00F0AA80012601
:109E58003546D9031CD5E26C002A00F03981B2F5E9
:109E6800803F6ED1384A926A02F00302032A68D012
:109E78000221201DFFF76AFC05462368002D40F0EB
:109E88002F813149E06CCA6C22F480320243CA64E3
:109E98009A000DD52C4A926A02F00302032A4ED08A
:109EA800022104F12400FFF7C1FC2368002846D1F1
:109EB8009F0335D4301E18BF0120DE0206D5224983
:109EC800256F0A6D22F000422A430A65DD0007D596
:109ED8001D49D4F8B4500A6922F480422A430A6121
:109EE800990206D51849A56E0A6D22F080722A4398
:109EF8000A655A0009D5144A116921F40041116113
:109F08001169D4F8B85029431161002B06DA0E4ABA
:109F1800216DD36C23F040530B43D364BDE8F88321
:109F2800E26FB2F5807F00F0C18040F2088122F430
:109F38008071B1F5007F00F0BE800120BDE70126E9
:109F4800B6E701263546A3E700440258A849CA6A7D
:109F580042F40032CA62002D40F0C480A449E06E89
:109F68000A6D22F0405202430A651DE60126354675
:109F78005DE79F4A926A02F00302032A3FF45EAE4D
:109F88000121201DFFF7E2FB23680546002D40F064
:109F9800B7809749A06F4A6D22F0380202434A659C
:109FA8004EE69349CA6A42F40032CA62002D40F074
:109FB8009B808F49D4F884004A6D22F440120243F2
:109FC8004A6546E78B4F3B6843F480733B60FAF77A
:109FD8003BFE804606E0FAF737FEA0EB080064284F
:109FE80000F2AD823B68DA05F5D5002D40F0A88275
:109FF8007F4AD4F8B030116F594011F4407F0BD02C
:10A00800116F106F21F4407140F480301067106FA9
:10A0180020F4803010671167B3F5807F00F0B182BB
:10A0280003F44072B2F5407F00F0BF8270490A69BC
:10A0380022F47C520A616E4AC3F30B03116F0B437F
:10A0480013672368CAE56A49CA6A42F40032CA62D9
:10A058003546002D40F03C816549606D0A6D22F05F
:10A06800070202430A658AE4614A926A02F003021F
:10A07800032A08D0022104F12400FFF7D7FB236844
:10A0880000283FF4AFAE0126ACE6594A926A02F0C6
:10A098000302032A08D0022104F12400FFF7C6FBBB
:10A0A800236800283FF490AE01268DE65048C16A27
:10A0B80041F40031C162002D7FF43FAF4C4D301E9A
:10A0C800696D18BF012021F440710A436A65F4E6FE
:10A0D8004749CA6A42F40032CA62002D3FF4D1AE41
:10A0E8002E46D5E62E465FE52E46B2E62E46D8E445
:10A0F8003F49606CCA6C22F003020243CA646AE5F5
:10A108002E469DE53A49D4F890008A6D22F0070260
:10A1180002438A65D5E53649606F4A6D22F0070229
:10A1280002434A65ABE52E4607E52E462CE52E464A
:10A1380015E62E46ECE52E4638E62E4677E6002A4A
:10A148007FF4FBAEB7E72A4A926A02F00302032AB9
:10A1580000F0A481012104F12400FFF767FB054604
:10A168002368002DE1D107E5214A926A02F0030233
:10A17800032A00F06B81022104F12400FFF756FB4B
:10A1880005462368002DD6D108E6194A926A02F0DE
:10A198000302032A00F06781022104F12400FFF77B
:10A1A80045FB05462368002DC3D1A9E5104A926AEC
:10A1B80002F00302032A00F07F81022104F1240047
:10A1C800FFF734FB05462368002DB0D1BFE5084AE8
:10A1D800926A02F00302032A00F0CF810221201DB7
:10A1E800FFF7B4FA05462368002D7FF4F3AC7FE748
:10A1F8000044025800480258C34A926A02F0030217
:10A20800032A00F098810221201DFFF79FFA0546D6
:10A218002368002D7FF46AAF3CE4BB4A926A02F0DF
:10A228000302032A3FF413AE012104F12400FFF7CF
:10A23800FDFA05462368002D7FF456AFB9E6B24A09
:10A24800926A02F00302032A3FF490AE022104F15D
:10A258002400FFF7EBFA05462368002D7FF46DAF65
:10A26800DDE5A94A926A02F00302032A00F0088198
:10A27800012104F12400FFF7D9FA05462368002DCF
:10A288007FF451AF52E4A04A926A02F00302032A13
:10A2980000F04381002104F12400FFF7C7FA0546C6
:10A2A8002368002D3FF489AB2E46FFF78DBB964AF5
:10A2B800926A02F00302032A3FF45FAB002104F123
:10A2C8002400FFF7B3FA05462368002D3FF4C4AE17
:10A2D8002E46FFF754BB8C4A926A02F00302032A07
:10A2E8003FF44BAB0021201DFFF730FA23680546E9
:10A2F800AFE68549CA6A42F40032CA62FFF75ABB20
:10A30800814A926A02F00302032A00F0EC800021DD
:10A3180004F12400FFF78AFA05462368002D3FF46C
:10A32800E0AB2E46FFF7E4BB774A926A02F00302DD
:10A33800032A00F0CC80002104F12400FFF776FA0C
:10A3480005462368002D3FF489AB2E46FFF78EBBE8
:10A358006D4A926A02F00302032A00F0E6800221A5
:10A368002430FFF763FA0646FFF7F1BA6649CA6A6E
:10A3780042F40032CA62002D3FF447AB2E46FFF785
:10A388004CBB6148C16A41F40031C162FFF7E2BACF
:10A398005D49CA6A42F40032CA62FFF75CBB5A4A96
:10A3A800926A02F00302032A00F0A980002104F156
:10A3B8002400FFF73BFA23680546FFF723BB524901
:10A3C800CA6A42F40032CA62FFF788BB4E4A926AF0
:10A3D80002F00302032A00F0CC80012104F12400DA
:10A3E800FFF724FA05462368002D7FF469AC89E657
:10A3F800454A926A02F00302032A00F0B68001215E
:10A4080004F12400FFF712FA05462368002D7FF4B3
:10A4180035AC80E63C4A926A02F00302032A3FF414
:10A428000DAC012104F12400FFF700FA054623686A
:10A43800002D7FF465AEACE522F40051B1F5004F74
:10A448003FF4A9ACB2F5C04F3FF4A5AC01263546A0
:10A45800ACE422F08051B1F1804F3FF44EACB2F140
:10A46800405F3FF44AAC0126354651E422F480317E
:10A47800B1F5802F3FF457ABB2F5403F3FF453ABF3
:10A4880001263546FFF759BB22F08051B1F1804FC4
:10A498003FF46FABB2F1405F3FF46BAB012635463A
:10A4A800FFF772BB22F48061B1F5805F3FF44CACDA
:10A4B800B2F5406F3FF448AC012635464FE4B2F19F
:10A4C800407F3FF4C8AAB2F1806F3FF4C4AA0126C6
:10A4D8003546FFF7CBBAB2F5405F3FF4FFAAB2F5B5
:10A4E800804F3FF4FBAA01263546FFF701BBB2F5C2
:10A4F800C00F3FF487AAB2F5000F3FF483AA0126E4
:10A508003546FFF78ABA00BF00440258C02A3FF414
:10A5180051AAB2F5807F3FF44DAA01263546FFF7D0
:10A5280053BAB2F5401F3FF415AA0126FFF719BA2E
:10A53800302A3FF4ACAA01263546FFF7B2BA032504
:10A5480023682E46FFF74ABB1F4A926A02F00302AD
:10A55800032A3FF427AB0121201DFFF7F7F8054632
:10A568002368002D7FF4BEADF8E401263546FFF7D9
:10A5780086BB01263546FFF7A4BB01263546FFF703
:10A588002ABBFAF761FBDFF84080074641F28839B9
:10A5980004E0FAF759FBC01B484510D8D8F87030CA
:10A5A8009B07F6D5D4F8B0303AE50748074A016961
:10A5B80002EA131221F47C510A4302613BE50326A7
:10A5C80023683546FFF70ABB00440258CFFFFF0057
:10A5D80008B5FFF76DF8054B054A1B6AC3F302136C
:10A5E800D35C03F01F03D84008BD00BF00440258E5
:10A5F800040B0108474A70B4946A956AD66A15F440
:10A608007C3FC5F30533D16B5BD0C1F3CC0106F0B9
:10A61800100604F0030407EE903A06FB01F1012C42
:10A62800B8EEE77A06EE901AFAEEE96A03D0022C41
:10A638006AD0002C4AD0DFED387A87EE876A936BB0
:10A64800C3F3080307EE903AF7EE005AF8EEE77AFC
:10A6580077EEA67A77EEA57A67EE867A2D4AB7EE78
:10A66800006A936BC3F3462307EE103AB8EEC77A35
:10A6780070BC37EE067AC7EE876AFCEEE66AC0ED74
:10A68800006A936BC3F3064307EE103AB8EEC77A35
:10A6980037EE067AC7EE876AFCEEE66AC0ED016A15
:10A6A800936BC3F3066306EE903AF8EEE66A76EE2D
:10A6B800866A87EEA67AFCEEC77A17EE903A836030
:10A6C800704770BCC0E900338360704713689B060D
:10A6D8001DD51468F7EE005A936B1049C4F3C102F4
:10A6E800C3F30803D14007EE903A06EE101AF8EECD
:10A6F800E77AB8EEC66A77EEA66AC6EE077A36EE4D
:10A70800A57A67EE877AA9E7DFED057A95E7DFEDA9
:10A71800057A92E7004402580024744A0090D00356
:10A728000024744B0024744C474A70B4946A956AA8
:10A73800D66A15F07C7FC5F30553516C5BD0C1F325
:10A74800CC0106F4807604F0030407EE903A06FB89
:10A7580001F1012CB8EEE77A06EE901AFAEEE96AF2
:10A7680003D0022C6AD0002C4AD0DFED387A87EE6D
:10A77800876A136CC3F3080307EE903AF7EE005AA2
:10A78800F8EEE77A77EEA67A77EEA57A67EE867A1C
:10A798002D4AB7EE006A136CC3F3462307EE103A4E
:10A7A800B8EEC77A70BC37EE067AC7EE876AFCEE59
:10A7B800E66AC0ED006A136CC3F3064307EE103A6D
:10A7C800B8EEC77A37EE067AC7EE876AFCEEE66A15
:10A7D800C0ED016A136CC3F3066306EE903AF8EE17
:10A7E800E66A76EE866A87EEA67AFCEEC77A17EEF8
:10A7F800903A8360704770BCC0E90033836070474B
:10A8080013689B061DD51468F7EE005A136C10499F
:10A81800C4F3C102C3F30803D14007EE903A06EE31
:10A82800101AF8EEE77AB8EEC66A77EEA66AC6EEB0
:10A83800077A36EEA57A67EE877AA9E7DFED057A1B
:10A8480095E7DFED057A92E7004402580024744A40
:10A858000090D0030024744B0024744C474A70B411
:10A86800946A956AD66A15F47C7FC5F30513516B13
:10A878005BD0C1F3CC0106F0010604F0030407EE37
:10A88800903A06FB01F1012CB8EEE77A06EE901A31
:10A89800FAEEE96A03D0022C6AD0002C4AD0DFED28
:10A8A800387A87EE876A136BC3F3080307EE903A8A
:10A8B800F7EE005AF8EEE77A77EEA67A77EEA57A01
:10A8C80067EE867A2D4AB7EE006A136BC3F3462308
:10A8D80007EE103AB8EEC77A70BC37EE067AC7EEC4
:10A8E800876AFCEEE66AC0ED006A136BC3F30643A1
:10A8F80007EE103AB8EEC77A37EE067AC7EE876ADF
:10A90800FCEEE66AC0ED016A136BC3F3066306EE5C
:10A91800903AF8EEE66A76EE866A87EEA67AFCEE5C
:10A92800C77A17EE903A8360704770BCC0E900336D
:10A938008360704713689B061DD51468F7EE005AAC
:10A94800136B1049C4F3C102C3F30803D14007EEE7
:10A95800903A06EE101AF8EEE77AB8EEC66A77EE85
:10A96800A66AC6EE077A36EEA57A67EE877AA9E771
:10A97800DFED057A95E7DFED057A92E700440258A6
:10A988000024744A0090D0030024744B0024744CB3
:10A99800B0F5807F00B585B02BD0B0F5007F0FD023
:10A9A800B0F5806F3FD0B0F5006F2DD0B0F5805F67
:10A9B80048D0B0F5002F75D0002005B05DF804FB35
:10A9C800424A136D03F4E073802B52D042D9C02B56
:10A9D80034D0B3F5807FEFD1D36C13F0405354D00B
:10A9E800B3F1805F6BD0B3F1005F394818BF002026
:10A9F800E3E7364B1B6D03F00703042BDCD8DFE8D5
:10AA080003F0312A381D3F00304A936D03F0E063AC
:10AA1800B3F1007F2DD01DD9B3F1407F0ED0B3F133
:10AA2800806FD9D0C8E7294A936D03F46003B3F562
:10AA3800800F1ED00ED9B3F5C00F28D1254805B018
:10AA48005DF804FB214A136D03F4E043B3F5005F9E
:10AA58000FD020D833B101A8FFF7CCFD019805B07D
:10AA68005DF804FB01A8FFF7F9FE029805B05DF850
:10AA780004FB01A8FFF758FE019805B05DF804FB38
:10AA8800124BDB6C13F04053AAD1134895E7B3F58A
:10AA9800000FA1D090E7B3F5405FCFD0B3F5804F5A
:10AAA8009AD089E7094A936D03F44033B3F5803FA0
:10AAB80007D0B3F5003F8FD0002BCCD07CE70748F8
:10AAC8007BE701A8FFF730FE039876E700440258B9
:10AAD8000024F4000080BB000090D00300093D0072
:10AAE80008B5FEF73BFC064B06499B69064AC3F3CB
:10AAF8000323CB5C03F01F03D840106008BD00BFE0
:10AB080000440258040B0108A0000024002800F0AB
:10AB18008481F8B50546FAF7AFF895F83830296812
:10AB2800012BA74B14D0994224D02033994221D02D
:10AB3800A44B994263D02033994260D003F57873CF
:10AB4800994203D02033994240F024819E4C12E070
:10AB5800994205D003F1C053A3F58233994246D1F7
:10AB68006B68012B43D16B6C002B40D1944B9942FD
:10AB780040F00F81954C95F8913003F0FF02002BBF
:10AB880044D0934B934A1B68A2FB03230A681B0B10
:10AB980022F480329B000A601BB30A68013B12F45E
:10ABA8008032F9D1022385F89130EB68012B20D04F
:10ABB800022B0BBF202000204FF0210C4FF0010C7E
:10ABC8000BBF2227022723260326AB68013B042B51
:10ABD80000F25881DFE813F0230122002A01210046
:10ABE8002601D5F8943043F04003C5F8943001208D
:10ABF800F8BD4FF0110C122713261020E5E795F841
:10AC08009130754C03F0FF02002BBAD1284685F825
:10AC18009020F8F7F5FF2968B3E738464FF4006647
:10AC28002B6A2060002B40D0654B994200F01681BA
:10AC38002033994200F01281624B994200F007815B
:10AC48002033994200F00381644B994200F0F88068
:10AC58002033994200F0F480614B994200F005815D
:10AC6800604B994200F00881AB6902EB8202296AC5
:10AC7800B3F5002F4FEA420200F0DC80AB6AB3F173
:10AC8800806F14BF0123022301FB03F31B02B2FBF5
:10AC9800F3F3554AA2FB0312D20802EB8201A3EB9D
:10ACA8004103092B08BF01326A626B682F6D33F0CC
:10ACB800020340F0AB80013F18BF01277F02F9F77C
:10ACC800DBFF696CB0F5005FD5E9003242EA0102AA
:10ACD800A96C42EA0102E96C42EA0102E96A42EA25
:10ACE8000102696942EA0102C0F08880A96918680E
:10ACF8000A43A96A0A433D490140196029690A4380
:10AD080019680A43696A42EA0152394932433A43A7
:10AD18001A605A68286B1140EA690243686B5960E7
:10AD2800024359680A4333495A609A6811406A6E67
:10AD38009960E96D98680A43296E0A43696D01397B
:10AD48000A43A96D013942EA012202434FF2200069
:10AD58009A60D968AA6E0140D960E96ED8680A433A
:10AD6800696F42EA0142296F013942EA0122144916
:10AD780002438B42DA600FD0194A93420CD0002369
:10AD88000122C5F89430184685F8912085F890304E
:10AD9800F8BD1349184CEEE6636C23F001036364B5
:10ADA80095F83830012BEAD1D5E90F23013A43EA67
:10ADB80002136364636C43F001036364DFE700BF5D
:10ADC80004580140045C0140006001400058014003
:10ADD800A00000241BECCB95005C014004600140FE
:10ADE8000454005824540058CDCCCCCC10C005F0E5
:10ADF800F01FFFFF0080F8FF00540058A969186889
:10AE08000A43214901401960A96A78E7A7F10107B7
:10AE1800B7FA87F77F097F0251E7012070474FF49F
:10AE28008066FDE630464FF40066F9E660464FF46A
:10AE38000066F5E66B6D03FB01F1B2FBF1F328E761
:10AE48004FF40070FFF7A4FD2968024604E74FF4A9
:10AE58000070FFF79DFD29680246F5E64FF4807003
:10AE6800FFF796FD29680246E6E64FF48060FFF793
:10AE78008FFD29680246F3E64FF40060FFF788FD6E
:10AE88000246F1E60026CBE610C005F8022930B4E8
:10AE980026D9CC1E012C20D8002403674464C4643E
:10AEA800C46584664FF6FF744467446834F002044E
:10AEB8000CBF0125002504294FF40031056514BF96
:10AEC8000D24012401664FF4802184654166032A1C
:10AED80003D8DFE802F038323027012030BC704751
:10AEE800002403674464C4648466446834F002043C
:10AEF80014BF0124002404654FF48034C4654FF660
:10AF0800FF74446713F00104E7D14D1E012D21D8C9
:10AF180044664FF400340466032ADED8DFE802F002
:10AF28002E483824E0215B01802281644365C26693
:10AF380030BCFFF7EBBDC021F5E780225B018264DE
:10AF48004365C266F4E780211B01402281644365A2
:10AF5800C266EDE74FF48021C0E91841032ABCD846
:10AF6800DFE802F00C3835025B08E0249A01802102
:10AF78005B018464C166C0E91523D9E75B088024B6
:10AF880040215A0184641B01C166C0E91523CFE73B
:10AF98005B08C022802502294FEA831482644FEAA5
:10AFA8004313C56644658365C2D108238366BFE73A
:10AFB8005B08802202294FEA831482644FEA431314
:10AFC800C266C0E91543B3D110238366B0E75B08B6
:10AFD800C024CBE75B088022990182645B01C266CA
:10AFE800C0E91513A4E700BF2DE9F0410F46044658
:10AFF8001546F9F729FE002F6AD0B5FA85F84FEA09
:10B008005818002D64D094F89130012BDAB250D141
:10B0180094F89030012B4CD0434684F890201222AB
:10B02800C4F8948065F30F03064684F891203946E6
:10B03800D4F8800065F31F432D4AA767E3672B46C2
:10B0480002642C4AC0F85080C2632B4AC26422684A
:10B058001C32FAF725FF0746002837D1626C63686F
:10B06800082A2AD005226121023B012B88BF1146FC
:10B07800226813690B431361136843F400331360A8
:10B0880006E0F9F7E1FD831BB3F57A7F24D822683F
:10B09800556915F4E025F4D01368DB0303D413686D
:10B0A80043F4803313600023384684F89030BDE8B9
:10B0B800F08102273846BDE8F08123F00202012A18
:10B0C8000BBF1522052271216121CDE784F89080FC
:10B0D80001273846BDE8F081D4F89430032784F876
:10B0E800905043F040033846C4F89430BDE8F081EE
:10B0F80039B20008D1B10008B9B20008002959D006
:10B1080038B5B2FA82F513466D09002A47D090F88F
:10B1180091200446012AD0B23DD194F89020012A0A
:10B1280039D084F890002846A1670A4663F30F00D7
:10B138002221C4F8945063F31F4084F891101E49EB
:10B14800E067D4F8840001641C490565C1631C49A3
:10B15800C16421681C31FAF7A3FEF0B923681A68A4
:10B16800D20303D41A6842F480321A60616C6268B0
:10B17800082916D005256121023A012A88BF2946E7
:10B188001A690A4300211A611A6842F400321A60E7
:10B1980084F8901038BD022038BD84F89050012002
:10B1A80038BD22F0020101290BBF152505257121A3
:10B1B8006121E1E701207047A9B2000845B2000803
:10B1C800B9B20008704700BFC369806BB3F5807FD0
:10B1D80010B51BD003684FF0000C446C1968082C9C
:10B1E800426821F40031A0F87EC0196011D06FF0D8
:10B1F80061016FF00504023A4FF0010C012A88BF83
:10B2080021461A690A401A6180F891C0FFF7DAFFEF
:10B2180010BD22F0020101290BBF6FF071016FF020
:10B2280061016FF015046FF00504E4E7704700BF93
:10B23800806B08B5FFF7FAFF08BD00BFC369806BD4
:10B24800B3F5807F10B51BD003684FF0000C446C39
:10B258001968082C426821F400311960A0F87EC0F2
:10B2680011D06FF061016FF00504023A4FF0010C44
:10B27800012A88BF21461A690A401A6180F891C0DC
:10B28800F8F766FE10BD22F0020101290BBF6FF02E
:10B2980071016FF061016FF015046FF00504E4E7C8
:10B2A800806B08B5F8F718FE08BD00BF704700BFEF
:10B2B80010B5846BFBF7E4F9022823D0D4F8942066
:10B2C800216842F08002134B1348C4F894201B688D
:10B2D8000A68A0FB030322F400321B0B0A600A6809
:10B2E8009B0022F480320A606BB10A68013BD203EA
:10B2F800FAD401220023204684F89120A4F87E3055
:10B30800FFF7D4FF10BDD4F8943043F04003C4F8DD
:10B318009430EEE7A00000241BECCB9518B338B5A9
:10B3280090F82C3004460D4603F0FF02B3B12146D5
:10B33800022384F82C3051F8040B00F051F86268AD
:10B348002946206800F082F8084A01210020136885
:10B3580043F00043136084F82C1038BD80F82D208A
:10B36800F6F7AAF9E3E70120704700BF0040005252
:10B3780070B590F82C300546022BD8B204D000F0F6
:10B38800FB04012C01D0012070BD02230E46286861
:10B3980085F82C3000F098F83368022B03D085F834
:10B3A8002C40002070BD052385F82C30F9E700BF3C
:10B3B80038B590F82C300446022BD8B205D094F852
:10B3C8002C30012BDDB201D0012038BD02232068CA
:10B3D80084F82C3000F08CF8002084F82C5038BD0C
:10B3E8002DE9F041D1E9073ED1E900824F6A43EAED
:10B3F8000E03D1E902C6D1E904548969B8F1000FF6
:10B408000FD13B431343026843EA0C036FF30E0268
:10B4180033432B4323430B43134303600020BDE80E
:10B42800F08142EA0C023B4332432A4322430A4357
:10B43800016821F4F8410B43036043686FF30E037E
:10B44800134343600020BDE8F08100BFF0B5CC682D
:10B458004B69013C8D688F69013B4FEA043E4C689B
:10B468000E68013D013C1B052D02013E4FEA041CFC
:10B478000C69791E013C0906240472B94EEA0303DB
:10B488008268334302F0704243EA0C032B432343A0
:10B498000B43134383600020F0BD4EEA030E4CEAD1
:10B4A8000503084A334323430B4381680A404EEAA5
:10B4B80002028260C26802F070421343C360002037
:10B4C800F0BD00BFFF0F0FFF0246D1E9003010B4F6
:10B4D80003431469D1E9021023435DF8044B013991
:10B4E80043EA4023002043EA41131361704700BF39
:10B4F8000246002053696FF34D0343EA4103536149
:10B50800704700BF022A82B0844613D009230193F2
:10B51800DCF80C30002023F47053CCF80C30019B7D
:10B52800DCF80C209B0203F470531343CCF80C3066
:10B5380002B07047224B234A0B44934207D9224B4F
:10B54800224A0B44934205D80E230193E0E70F23C8
:10B558000193DDE71E4B1F4A0B44934207D91E4B4C
:10B568001E4A0B44934205D20C230193D0E70D23C6
:10B578000193CDE71A4B1B4A0B44934202D80B2385
:10B588000193C5E7184B194A0B44934202D20A2388
:10B598000193BDE7164B174A0B449342B6D3164B9B
:10B5A800164A0B44934202D208230193B0E7144B86
:10B5B800144A0B44934234BF072306230193A7E799
:10B5C800405327FFFF340C00401E1BFF3F420F0073
:10B5D80000DC0BFF7F4F1200808CF9FE20D6130091
:10B5E80060B6E5FE5FE3160000D3CEFE40771B0091
:10B5F800C05BB3FEC091210000CA91FE20753800DF
:10B60800E05459FEE09C4100890182B000230A4AB7
:10B6180041F020010193016103E0036913F0200365
:10B6280007D0019B013393420193F6D9032002B05E
:10B638007047184602B07047400D0300D0F808382C
:10B6480082B003F006030193019838B101980228EB
:10B6580004D0019B062B0CBF02200F2002B07047BC
:10B6680030B50A78012300F5006C02F00F0E00EBEC
:10B67800421003FA0EF391F801E0BEF1010F18D061
:10B68800DCF81C2042EA0343CCF81C30D0F8003B1D
:10B698001B040CD48B68D0F8004BC3F30A03C97899
:10B6A800114A234343EA81431A43C0F8002B002080
:10B6B80030BDDCF81C402343CCF81C30D0F80039EE
:10B6C8001C04F4D48B68D0F80059C3F30A03CC786F
:10B6D80005492B4343EA844343EA82531943C0F89C
:10B6E8000019002030BD00BF008000102DE9F04394
:10B6F8004E7891F800E0012E4B6900EB4E1CCC7897
:10B7080058D0DCF8105B0CF5306E6FF31205CCF8EE
:10B71800105BDCF8105B6FF3DC45CCF8105B8D68D0
:10B7280093B32B44754E012A03F1FF33B3FBF5F3B2
:10B7380006EAC3469BB205FB03F3DEF8105045EA60
:10B748000605C3F31203CEF81050DEF8105043EA92
:10B758000503CEF8103027D0012C0CD1D0F80838CA
:10B7680013F4807FDCF8003B0CBF43F0005343F038
:10B778008053CCF8003BDCF8003B43F00443CCF8A2
:10B78800003B0020BDE8F083DEF81030C5F3120559
:10B79800012A45EA0305CEF81050DEF8103043F4CC
:10B7A8000023CEF81030D7D1CB68002BD4D0CEF8F8
:10B7B8001430D1E70CF51065002B36D12E69012A1B
:10B7C8006FF3DC462E612E6946F400262E612E6941
:10B7D8006FF312062E616CD0DCF80059012C45F08D
:10B7E8000445CCF80059CCD1D0F8084814F4807F2F
:10B7F800DCF800490CBF44F0005444F08054CCF805
:10B808000049002ABDD19BB203339A08B9D0CB684E
:10B8180000EB0E3E03EB82010EF5805E53F8042B1D
:10B828008B42CEF80020F9D1ABE72F69012CD1F873
:10B8380008906FF3120709EB03082F6108F1FF382E
:10B848002F69B8FBF9F86FF3DC472F612B4F07EA34
:10B85800C847D5F8108047EA08072F61C3F31207D5
:10B86800D5F8108047EA08072F6111D0012A3FD088
:10B87800DCF800390EF00F0E43F0044306FA0EF61A
:10B88800CCF80039D0F834381E43C0F8346878E76B
:10B898002C69012A24F0C0442C612C6944F000541E
:10B8A8002C6114D0DCF8004944F00444CCF8004979
:10B8B8009AE70B6903B16B61012C0BD0DCF80039F6
:10B8C800002043F00443CCF80039BDE8F0830B694D
:10B8D80003B16B61D0F8083813F4807FDCF80039C5
:10B8E8000CBF43F0005343F08053CCF80039E5E730
:10B8F8000B69002BE2D06B61E0E700BF0000F81F86
:10B908004B78F0B4012B0C784D6900EB441C27D020
:10B91800DCF8100B0CF530636FF31200186118692E
:10B928006FF3DC401861886805B148611C69C0F391
:10B938001200012A44F400241C611C6940EA040036
:10B94800186108D0DCF8003B43F00443CCF8003B16
:10B958000020F0BC7047CA68002AF3D05A61F1E7AA
:10B968000CF5106365B31E696FF312061E611E693C
:10B978006FF3DC461E618E68AE4201D235464E61D9
:10B988001E69012A46F400261E61C5F312061F69C6
:10B9980046EA07061E612AD0DCF8003943F0044362
:10B9A800CCF80039002DD3D004F00F040123D0F8CF
:10B9B8003428A3401343F0BCC0F834380020704743
:10B9C8001869012A6FF3DC401861186940F40020F7
:10B9D800186118696FF31200186108D0DCF8003993
:10B9E800002043F00443F0BCCCF8003970470A69E2
:10B9F800002AF3D05A61F1E710B49DF8044064B905
:10BA080003339B0809D0013201EB830300EB0230BA
:10BA180051F8042B8B420260FAD100205DF8044BE8
:10BA2800704700BF033292080AD000F5805C01EB32
:10BA38008200DCF8003041F8043B8842F9D17047B5
:10BA4800084670470B784A7800EB4310003B18BF54
:10BA58000123012A0CD0D0F8002B002A00DBA3B95F
:10BA6800D0F8003B43F40013C0F8003B00207047B7
:10BA7800D0F80029002A00DB73B9D0F8003943F464
:10BA88000013C0F8003900207047D0F8003B23F0BD
:10BA98008043C0F8003BE3E7D0F8003923F0804347
:10BAA800C0F80039D0F8003943F40013C0F8003961
:10BAB800E9E700BFCB784A7891F800C0023B012A39
:10BAC80000EB4C10DBB211D0D0F8002B012B22F484
:10BAD8000012C0F8002B01D900207047D0F8003BB5
:10BAE80043F08053C0F8003B00207047D0F800298D
:10BAF800012B22F40012C0F80029EDD8D0F8003943
:10BB080043F08053C0F8003900207047034609010C
:10BB18000020D3F8002801F4FE6122F4FE62C3F885
:10BB28000028D3F800281143C3F80018704700BF55
:10BB380082B0436901938269019B13400193019884
:10BB480002B0704782B0D0F818380193D0F81C289A
:10BB5800019B134001930198000C02B0704700BF8D
:10BB680082B0D0F818380193D0F81C28019B1340F4
:10BB78000193019880B202B0704700BF00EB4111F9
:10BB880082B0D1F8083B0193D0F81428019B1340E8
:10BB98000193019802B0704784B0D0F8103801F0D2
:10BBA8000F0C00EB41110293D0F834380393039B38
:10BBB800029A23FA0CF3DB01DBB213430293D1F8A8
:10BBC8000839029A13400193019804B0704700BFE6
:10BBD800406900F001007047D0F8002900F50063C3
:10BBE8006FF30A02C0F800299A6802F00602042AD4
:10BBF80005D1D0F8002942F00302C0F800295A689C
:10BC0800002042F480725A60704700BF30B4056C5F
:10BC180000F53063104CA54203D9D0F8004B002C36
:10BC280016DB002401291C611C6944F400241C61F2
:10BC38001C6944F018041C611C6944F0C0441C6170
:10BC480006D15A61D0F8003B43F08023C0F8003B8E
:10BC5800002030BC704700BF0A30544FD0F8002491
:10BC680001F00303012900F5806C22F00302C0F8FB
:10BC78000024D0F8002443EA0203C0F8003409D0B5
:10BC8800022901D00020704741F270730020CCF8DF
:10BC9800043070474BF680330020CCF804307047EE
:10BCA800D0F8140480B2704700EB4111002382B031
:10BCB80001F5A0620193D1F8003513F4802FD1F873
:10BCC800003543F08043C1F8003522D1C36A13F42C
:10BCD8007F0FD1F8003523D123F00043C1F8003598
:10BCE800D1F8003543F00043C1F80035D1F80035EC
:10BCF80023F40043C1F8003502E01368002B13DA7F
:10BD0800019B0133B3F57A7F0193F6D9002002B085
:10BD18007047D0F8103413F47F0FD1F8003506D0EF
:10BD280043F00043C1F80035002002B0704723F00B
:10BD38000043C1F80035D1F8003543F00043C1F89D
:10BD48000035D1F8003523F40043C1F8003502E08E
:10BD58001368002BE8DA019B0133B3F57A7F01936E
:10BD6800F6D9002002B0704730B4002484B04FF4F4
:10BD78008465AA4A00940146836823F0010383601E
:10BD88000394056102E00B69980604D5039B01330F
:10BD980093420393F7D900201023A04A02900B6125
:10BDA80002E00B69DB0604D5029B01339342029340
:10BDB800F7D9D1F8003501F5A06201F5E0600193EB
:10BDC800019B43F080430193019B23F000430193BF
:10BDD800019B23F400430193019BC1F80035D1F87E
:10BDE80020350193019B43F080430193019B23F08D
:10BDF80000430193019B23F400430193019BC1F885
:10BE08002035D1F840350193019B43F080430193DD
:10BE1800019B23F000430193019B23F4004301930A
:10BE2800019BC1F84035D1F860350193019B43F07F
:10BE380080430193019B23F000430193019B23F46A
:10BE480000430193019BC1F86035D1F88035019317
:10BE5800019B43F080430193019B23F0004301932E
:10BE6800019B23F400430193019BC1F88035D1F86D
:10BE7800A0350193019B43F080430193019B23F07C
:10BE880000430193019B23F400430193019BC1F8F4
:10BE9800A035D1F8C0350193019B43F0804301934D
:10BEA800019B23F000430193019B23F4004301937A
:10BEB800019BC1F8C035D1F8E0350193019B43F0EF
:10BEC80080430193019B23F000430193019B23F4DA
:10BED80000430193019BC1F8E035D1F80036019386
:10BEE800019B43F080430193019B23F0004301939E
:10BEF800019B23F400430193019BC1F80036D1F85C
:10BF080020360193019B43F080430193019B23F06A
:10BF180000430193019B23F400430193019BC1F863
:10BF28002036D1F840360193019B43F080430193BA
:10BF3800019B23F000430193019B23F400430193E9
:10BF4800019BC1F84036D1F860360193019B43F05C
:10BF580080430193019B23F000430193019B23F449
:10BF680000430193019BC1F86036D1F880360193F4
:10BF7800019B43F080430193019B23F0004301930D
:10BF8800019B23F400430193019BC1F88036D1F84B
:10BF9800A0360193019B43F080430193019B23F05A
:10BFA80000430193019B23F400430193019BC1F8D3
:10BFB800A036D1F8C0360193019B43F0804301932A
:10BFC800019B23F000430193019B23F40043019359
:10BFD800019BC1F8C036D1F8E0360193019B43F0CC
:10BFE80080430193019B23F000430193019B23F4B9
:10BFF80000430193019BC1F8E03613680193019B4C
:10C0080043F080430193019B43F000430193019B5C
:10C0180023F400430193019B136004E0400D0300E7
:10C028001368002B05DA009B0133B3F57A7F009380
:10C03800F6D920328242E0D14FF0FF330020C1F818
:10C0480014344B618B6843F001038B6004B030BC3F
:10C05800704700BF08B5D0F88C3233B11B689847D9
:10C06800003818BF0120400008BD022008BD00BFED
:10C0780008B5D0F88C325B689847002008BD00BF2F
:10C0880038B500F520750446284600F06FFB0122FC
:10C09800B4F8863294F88012C4E99B2301F01F0398
:10C0A80093420ED0022B06D08BB92946204600F0C9
:10C0B8000FF9002038BD2946204600F0BDFA0020BF
:10C0C80038BD2946204600F083FA002038BD01F02B
:10C0D80080012046F8F72AFC002038BD10B5044638
:10C0E80059B99446D0F86C22032A13D0052A0DD1E9
:10C0F800C4F86C12F8F71AFC08E0D0F88C329B6987
:10C1080033B190F87422032A02D19847002010BD59
:10C11800022010BDD0E9533293420AD99B1A6146D6
:10C128009A42C0F84C318CBF9AB292B200F042FBEE
:10C13800ECE7D0F88C321B691BB190F87422032A03
:10C1480003D0204600F040FBE0E79847F9E700BF3E
:10C1580070B5044679B9D0F86C32022B18D033F098
:10C16800040332D094F87832012B02D1002384F8EA
:10C178007832002070BDD0F88C325B6933B190F80A
:10C188007422032A02D198470020F3E7022070BDE9
:10C19800D0E908630D469E421BD8C669B6FBF3F288
:10C1A80003FB12620AB9B34220D9D4F88C32DB6897
:10C1B8001BB194F87422032A28D080212046F8F76E
:10C1C800B5FB204600F00CFBCCE78021F8F7AEFB6E
:10C1D800C8E7F61A11460662B2B200F0E1FA2B4639
:10C1E8002A4629462046F8F7E5FBBBE7D0F8703227
:10C1F8009E42DAD20A4600F0D3FA2B462A4629464E
:10C208002046C4F87052F8F7D5FBABE720469847AC
:10C21800D3E700BF0022402370B50446402601251D
:10C228001146F8F775FB3346802100222046C4F8F2
:10C238005061C4F84451F8F76BFB0021D4F89032F0
:10C24800A561666284F87452C4F86C126160C4F81F
:10C258007C1223B1D4F88C3220465B6898470020C2
:10C2680070BD00BF034600201974704703460421BF
:10C27800002093F8742283F8741283F875227047AB
:10C288000346002093F8752283F87422704700BF94
:10C2980090F87422032A01D00020704708B5D0F81E
:10C2A8008C32DB6903B19847002008BD0020704735
:10C2B8000020704700207047D0F88C22012108B573
:10C2C80080F87412017953689847002008BD00BFB0
:10C2D80030B50B7883B00D46044603F06003202B7D
:10C2E80028D0402B26D053B180212046F8F71EFBDA
:10C2F80000212046F8F71AFB002003B030BD4B7828
:10C30800092BF1D801A252F823F000BF81C300081D
:10C31800A9C30008F1C20008C7C30008F1C2000899
:10C32800CFC3000809C40008F1C2000839C40008D6
:10C338004FC30008D4F88C32294620469B6898479A
:10C34800002003B030BD8978A04D01292970CBD8D1
:10C3580090F87432022B00F01181032B00F0FF805B
:10C368008021F8F7E3FA00212046F8F7DFFA297868
:10C378002046FFF77DFEBFE790F87432013B022BA1
:10C38800B2D8CA88022AAFD1D0F87C320146002B35
:10C398000CBF0123032341F80C3F00F0F3F9ABE78E
:10C3A80090F87432013B022B9ED84B88012BA3D105
:10C3B80000232046C4F87C3200F006FA9CE74B883C
:10C3C800012B99D1F5E78B88002B8DD1CB88002BD9
:10C3D8008AD14B887F2B87D890F87422032A83D080
:10C3E800DDB2294680F87652F8F7CCFA204600F0FC
:10C3F800EBF9002D00F0DE80022384F874327BE72D
:10C408004A88130A013B062B3FF66EAF01A151F88B
:10C4180023F000BFCDC40008B5C40008A3C40008B9
:10C42800F1C20008F1C200088DC400085FC400080A
:10C43800CA88012A7FF458AF90F87432022B00F2B0
:10C448008780002B3FF450AF0146002341F8083F96
:10C4580000F098F950E7037C002B7FF445AFD0F843
:10C468008C320DF106001B6B984707234370BDF80B
:10C478000630EA88002B67D0002A5BD1204600F0FE
:10C48800A3F939E7037C002B7FF42EAFD0F88C3268
:10C498000DF106005B6B9847E9E7D1B2052900F278
:10C4A8008D80DFE801F0271F17372F3F027CD0F877
:10C4B8008C32002A70D19B6A0DF10600984702233E
:10C4C8004370D4E7D0F888320DF10601007C1B6870
:10C4D8009847CCE7D0F888320DF10601007CDB687C
:10C4E8009847C4E7D0F888320DF10601007C9B68B4
:10C4F8009847BCE7D0F888320DF10601007C5B68EC
:10C508009847B4E7D0F888320DF10601007C5B69E2
:10C518009847ACE7D0F888320DF10601007C1B691A
:10C528009847A4E7D0F888320DF10601007C9B6992
:10C5380098479CE79A420146204628BF1A46ADF81C
:10C54800062000F01FF9EA88002A7FF4D5AE95E7A7
:10C55800032B7FF4C9AE011D00F014F9CCE611B32A
:10C56800416801298AD0C9B2FFF782FD297820469F
:10C578006160FFF76FFD022880D1B5E600293FF41E
:10C588007DAF01210323416080F87432FFF762FD1B
:10C5980002287FF473AFA7E6DB6A0DF1060098471F
:10C5A8000223437063E70223416080F87432FFF787
:10C5B8005FFD63E7012384F874329DE6D0F88C327E
:10C5C8000DF106029B6B984751E700BF58190024EC
:10C5D80038B50B780D4604465A060CD503F06002B0
:10C5E800402A08D08021F8F7A1F900212046F8F761
:10C5F8009DF9002038BD94F87432013B022B11D804
:10C608002B79012B0ED8D4F88C32294620469B680A
:10C618009847EB88002BECD10028EAD1204600F09F
:10C62800D3F8E6E780212046F8F780F90021204674
:10C63800F8F77CF9002038BD38B50B7804468A88AD
:10C6480003F06003202B36D0402B34D04BB180212F
:10C658002046F8F76BF900212046F8F767F9002023
:10C6680038BD4B785FFA82FC012B3CD0032B29D0D4
:10C67800002BECD190F87432022B4FD0032BE6D16B
:10C688000CF00F03120603EB830300EB830356D46D
:10C69800D3F84431002BDAD01425634605FB0C058A
:10C6A80005F5A075002B55D10222294620462B609E
:10C6B80000F068F8D3E7D4F88C3220469B68984796
:10C6C800002038BD90F87432022B1CD0032BBED149
:10C6D8004B88A3B91CF07F0F11D0CB887BB961467A
:10C6E800F8F724F90BE090F87432022B0BD0032BE7
:10C6F800ADD14B88002BB2D11CF07F0F32D1204630
:10C7080000F062F8ABE71CF07F0FA0D06146F8F7A5
:10C718000DF980212046F8F709F9A0E71CF07F0FF2
:10C7280095D111064FF000034FF002024CBF00F103
:10C73800140100F5A0710B6000F024F88FE79B69E5
:10C74800002B84D00CF07F035D1C05EB850500EB06
:10C758008505A7E761462046F8F700F9031E18BFCC
:10C768000123A1E76146F8F7EDF8C8E70B780370F5
:10C778004B7843704B8843808B888380CB88C380F9
:10C78800704700BF10B5134602240A460021C0F8BE
:10C798006C42C0E90733F8F701F9002010BD00BF6B
:10C7A8008C46002108B513466246F8F7F7F80020D2
:10C7B80008BD00BF8C46002108B513466246F8F74D
:10C7C800F9F8002008BD00BF08B504210023C0F80F
:10C7D8006C121A461946F8F7E1F8002008BD00BFA8
:10C7E80008B505210023C0F86C121A461946F8F757
:10C7F800E1F8002008BD00BFD0F8C4230132C0F81A
:10C80800C42302780B2A00D07047D0F87C33002B61
:10C81800FAD09B69184700BF012380F8233370477B
:10C82800002380F823337047034600220121104675
:10C8380083F8201383F8212383F82223704700BF4D
:10C8480038B501230025044680F8213380F82353A6
:10C8580080F82053F8F7D0F82179204600F006F840
:10C868006179204600F002F8284638BD0A2907D821
:10C8780000EB8101D1F88433C3F30E03C1F884338C
:10C88800002070470C4A82B00C4BD2F8DC1041F003
:10C898004001C2F8DC10D2F8DC2002F0400201921C
:10C8A800019A1A6822F020021A601A6842F00402FB
:10C8B8001A6002B0704700BF0044025800180248CE
:10C8C80070B5002304464FF4806204214FF44035CC
:10C8D8003448C4F83821C4F8D410C4F83431C4F842
:10C8E8004C113149C4F8B000C4F82811C4E92F32FA
:10C8F800C4E93133C4E93335C4E93733C4E94F33C4
:10C90800C4E95135C4E95533A2680323C4F8D830C3
:10C91800C4F85031042A0AD8DFE802F003262D347F
:10C928001F0025222623C4F8B420C4F82C31002285
:10C93800402304F1B005C4F8B8202846C4F83031C3
:10C94800F9F7FAF808B1FFBEFEE704F59476304629
:10C95800F9F7F2F8E8B1FFBEFEE755225623C4F80E
:10C96800B420C4F82C31E2E727222823C4F8B420E5
:10C97800C4F82C31DBE73D223E23C4F8B420C4F8C8
:10C988002C31D4E753225423C4F8B420C4F82C31F2
:10C99800CDE704F12803C4E92865C4F8E830C4F8F1
:10C9A800603170BD40040240580402402DE9F04F48
:10C9B800804683B00E4617461D4600F128042046DF
:10C9C80002F074FC01288146F9D14046FFF778FF50
:10C9D8008346002836D1EFF31083019372B6DFF84F
:10C9E8007CA00C9B98F90820DFF87490DFF874801D
:10C9F800CAF800300D9B88F80020C9F800300DB146
:10CA08001846A847BAB23146204601F0EBFF30B9C4
:10CA1800019B03B962B6584603B0BDE8F08F002306
:10CA2800CAF80030C9F80030FF2388F800300C9BA2
:10CA380013B101210D989847019B4FF0010B002B72
:10CA4800E9D1E7E70C9B13B149460D9898474FF099
:10CA5800010B584603B0BDE8F08F00BF60190024F1
:10CA68005C190024641900242DE9F04F804683B036
:10CA78000E4617461D4600F12804204602F016FC13
:10CA880001288146F9D14046FFF71AFF834600285E
:10CA980036D1EFF31083019372B6DFF87CA00C9BBC
:10CAA80098F90820DFF87490DFF87480CAF800302D
:10CAB8000D9B88F80020C9F800300DB11846A8472A
:10CAC800BAB23146204602F03BF930B9019B03B9AE
:10CAD80062B6584603B0BDE8F08F0023CAF80030AC
:10CAE800C9F80030FF2388F800300C9B13B10121EE
:10CAF8000D989847019B4FF0010B002BE9D1E7E710
:10CB08000C9B13B149460D9898474FF0010B5846B6
:10CB180003B0BDE8F08F00BF601900245C19002441
:10CB2800641900242DE9F04F814683B00F4616465C
:10CB3800984600F12804204602F0B8FB0128FAD1F3
:10CB480082464846FFF7BCFE0546002838D1EFF379
:10CB58001083019372B699F90830DFF87890DFF8FE
:10CB680078B089F800300D9BDFF870A0CBF8003062
:10CB78000E9BCAF800300C9B0BB10E9898471FFA11
:10CB880088F33A463146204601F0DCFF30B9019B74
:10CB980003B962B6284603B0BDE8F08F0023CBF88E
:10CBA8000030CAF80030FF2389F800300D9B13B11C
:10CBB80001210E989847019B0125002BEAD1E8E74F
:10CBC8000D9B13B151460E9898470125284603B08E
:10CBD800BDE8F08F64190024601900245C19002452
:10CBE8002DE9F043002387B0022205690393044628
:10CBF800CDE9012335F00203826808BF01264FEA18
:10CC0800820718BF0026C268023D18BF012512B965
:10CC180033462E461D462378D4F820800B2B14D19A
:10CC2800A2780B2A01D0002D30D123790B2B01D00B
:10CC3800002E5ED1A2790B2A03D0B8F1000F40F084
:10CC48009C80002007B0BDE8F083694A607852F8FC
:10CC5800272011780B2904D08B4202D151788142C8
:10CC68007CD0D1788B4204D10B2902D01179814232
:10CC780073D091798B4205D10B2903D0D3798342A4
:10CC880000F0B480012007B0BDE8F083791C584B50
:10CC9800E07853F8213019780B2904D08A4202D160
:10CCA8005978814211D0D9780B2905D08A4203D10D
:10CCB8001979814200F0968099798A42E2D10B294C
:10CCC800E0D0DA798242DDD1063304F102099B789B
:10CCD80048460493F7F79CFE05464846F7F7A0FE3A
:10CCE800694600902846F9F7CDFC23790B2B9FD194
:10CCF800A0E7B91C3E4A607952F8212011780B2927
:10CD080004D08B4202D15178814210D0D1780B29BE
:10CD180004D08B4202D11179814265D091790B29D7
:10CD2800B0D08B42AED1D3798342ABD10632251D28
:10CD3800937828460493F7F76BFE034628461D466A
:10CD4800F7F76EFE0346694628460093F9F79AFC02
:10CD5800A2790B2A7FF471AF73E7033293782046E8
:10CD68000493F7F755FE81462046F7F759FE6946C2
:10CD780000904846F9F786FC52E71D49FB1CE0790C
:10CD880051F8233019780B2904D08A4202D15978F6
:10CD9800814208D0D9780B2917D08A4215D1197940
:10CDA800814212D1033306349B7820460493F7F767
:10CDB8002FFE034620461C46F7F732FE0346694617
:10CDC80020460093F9F75EFC3BE799798A427FF4A5
:10CDD80059AF0B293FF456AFDA7982427FF452AF4C
:10CDE8000633E0E7033370E70332A0E70632B5E71E
:10CDF8006C0B0108654A0368934200F0B980A2F5FC
:10CE08007842934200F0B68002F58062934200F0C7
:10CE1800B38002F57842934200F0B08002F5E05208
:10CE2800934200F0AD805A4A934240F0AB8005230C
:10CE38004FF4D07110B501FB03F3564C86B0E05C9B
:10CE48001C44F7F7F5FDA078F7F7F2FD2079F7F71E
:10CE5800EFFDA079F7F7ECFDA368052B19D8DFE8FB
:10CE680003F02F455B7103214B4B00225520D3F86B
:10CE7800F01041F48011C3F8F0101146D3F8F030E7
:10CE880003F480130493049BF8F7A4FC5520F8F7E7
:10CE9800DDFC2046FFF7A4FE012801D006B010BD36
:10CEA800FFBEFEE73C4BD3F8F42042F02002C3F863
:10CEB800F420D3F8F43003F020030593059BE8E74A
:10CEC800354B00222320D3F8F01041F48051C3F8E9
:10CED800F0101146D3F8F03003F480530093009B10
:10CEE800F8F778FC2320F8F7B1FCD2E72A4B0022A8
:10CEF8002420D3F8E81041F48041C3F8E810114623
:10CF0800D3F8E83003F480430193019BF8F762FCFF
:10CF18002420F8F79BFCBCE71F4B00223320D3F8F2
:10CF2800E81041F40041C3F8E8101146D3F8E8309E
:10CF380003F400430293029BF8F74CFC3320F8F704
:10CF480085FCA6E7144B00225420D3F8F01041F4D6
:10CF58000051C3F8F0101146D3F8F03003F4005331
:10CF68000393039BF8F736FC5420F8F76FFC90E71F
:10CF780000235DE701235BE7022359E7032357E713
:10CF8800042355E700231B78FFDE00BF0030014073
:10CF980000140058C8190024004402582DE9F04331
:10CFA800002289B01B4B01210DF1040C9E461A4B3F
:10CFB8000791E146E04667460EF11C060EF138057A
:10CFC8000EF15404CDE90122CDE90322CDE9052271
:10CFD800FF221A70BCE80F00AEE80F009CE80700BB
:10CFE8008EE80700B9E80F000FC69CE8070086E83E
:10CFF8000700B8E80F000FC59CE8070085E80700A0
:10D008000FCF0FC49CE8070084E8070009B0BDE80B
:10D01800F08300BFAC00002464190024014802F02A
:10D028001BB800BFF0190024014802F015B800BF72
:10D03800901B0024014802F00FB800BF301D0024E7
:10D04800014802F009B800BFD01E0024014802F0D0
:10D0580003B800BF7020002410B5EFF3108472B637
:10D06800084B1A78120602D504B962B610BD1B78AF
:10D078004FF4D070044A5BB200FB0320F9F7EEF8D6
:10D08800F2E700BF64190024781A002410B5EFF302
:10D09800108472B6084B1A78120602D504B962B623
:10D0A80010BD1B784FF4D070044A5BB200FB03201C
:10D0B800F9F7D4F8F2E700BF64190024F01A002445
:10D0C8002DE9F04385B0EFF3108772B6274AFF21A8
:10D0D800274C1368217023B100211160254A10687C
:10D0E800984723781B061ED5DFF890800025224E2E
:10D0F8004446216889B1606878B1A3692289012B07
:10D10800D4F81490D4E903CE1ED08BB963463046C8
:10D11800CDE900E9FFF7A8FCF8B101351C3406F5A4
:10D12800D076042DE5D107B962B605B0BDE8F08325
:10D138001346CDF800C002463046CDE901E9FFF7B5
:10D14800F1FC0028E9D108E0014663463046CDE904
:10D1580000E9FFF72BFC0028DFD1C5EBC50508EB7C
:10D16800850348F825005860DDE700BF60190024F2
:10D17800641900245C190024C8190024AC00002498
:10D188002DE9F04385B0EFF3108772B6274AFF21E7
:10D19800274C1368217023B100211160254A1068BB
:10D1A800984723781B061ED5DFF890800025224E6D
:10D1B8004446216889B1606878B1A3692289012B46
:10D1C800D4F81490D4E903CE1ED08BB96346304608
:10D1D800CDE900E9FFF748FCF8B101351C3406F544
:10D1E800D076042DE5D107B962B605B0BDE8F08365
:10D1F8001346CDF800C002463046CDE901E9FFF7F5
:10D2080091FC0028E9D108E0014663463046CDE9A3
:10D2180000E9FFF7CBFB0028DFD1C5EBC50508EB1C
:10D22800850348F825005860DDE700BF6019002431
:10D23800641900245C190024C8190024AC000024D7
:10D248002DE9F04385B0EFF3108772B6274AFF2126
:10D25800274C1368217023B100211160254A1068FA
:10D26800984723781B061ED5DFF890800025224EAC
:10D278004446216889B1606878B1A3692289012B85
:10D28800D4F81490D4E903CE1ED08BB96346304647
:10D29800CDE900E9FFF7E8FBF8B101351C3406F5E4
:10D2A800D076042DE5D107B962B605B0BDE8F083A4
:10D2B8001346CDF800C002463046CDE901E9FFF734
:10D2C80031FC0028E9D108E0014663463046CDE943
:10D2D80000E9FFF76BFB0028DFD1C5EBC50508EBBC
:10D2E800850348F825005860DDE700BF6019002471
:10D2F800641900245C190024C8190024AC00002417
:10D308002DE9F04385B0EFF3108772B601F0C0FA4B
:10D31800274A284CFF21136821702BB10021116086
:10D328000121254A1068984723781B061ED5DFF887
:10D3380090800025214E4446216889B1606878B103
:10D34800A3692289012BD4F81490D4E903CE1ED006
:10D358008BB963463046CDE900E9FFF785FBF8B1A4
:10D3680001351C3406F5D076042DE5D107B962B62F
:10D3780005B0BDE8F0831346CDF800C0024630463C
:10D38800CDE901E9FFF7CEFB0028E9D108E0014625
:10D3980063463046CDE900E9FFF708FB0028DFD1F6
:10D3A800C5EBC50508EB850348F825005860DDE79F
:10D3B80060190024641900245C190024C819002489
:10D3C800AC000024000000005749082202235748F7
:10D3D8009FED537BF0B4564DC1F89426C1F834281C
:10D3E8004A61C1F8B421C1F85423C1F8F42401F505
:10D3F8000462504CC1F8A436C1F844384B62C1F8F5
:10D40800C431C1F86433C1F80435AB784A4F23728C
:10D4180063714A4E3B72337202ED027B2A88E280C6
:10D42800A4F80320464CFA80E2802372454CF2802F
:10D43800E280237201F5A06481EDD67B81ED067B45
:10D4480081ED6E7B01F5D46104ED027B01ED027B79
:10D458003D4C2968C2800372A0F8032043713B4801
:10D46800E2802372C2803A4C0372080C2180A070BB
:10D47800A4F803206371E2802372364C364D218074
:10D48800A070A4F803206371E2802372334CA5F8DE
:10D4980003202180A070A4F803206371E280237226
:10D4A8002F4C6B712180EA802B72A070A4F80320A6
:10D4B8006371E28023722B4C2180A070A4F80320B2
:10D4C8006371E2802372284C2180A070A4F80320A5
:10D4D8006371E2802372254C2180A070A4F8032098
:10D4E8006371E2802372224C21802249A070A4F843
:10D4F800032021486371E2802372A1F803201F4CA6
:10D508004B71CA800B721E49E2802372C28003727B
:10D51800A1F803204B71CA800B72F0BC704700BFA2
:10D528000000000000000000C81900247001002459
:10D53800CC0B0108A0010024D0010024B80100246C
:10D54800AC01002494010024640100245801002443
:10D55800BC190024B01900244C010024A41900248B
:10D56800981900248C1900248019002474190024A7
:10D5780068190024400100242801002434010024F3
:10D588001C010024604A036811698B4200B587B00A
:10D5980078D0916E8B4200F0B180D2F8C0108B42E7
:10D5A80000F0AE80D2F818118B4200F0AB80B3F1D6
:10D5B800804F59D0554A93420CD0002254498B428F
:10D5C80026D054498B4239D0534A934212D007B0DF
:10D5D8005DF804FB514BD3F8E82042F00202C3F88F
:10D5E800E820D3F8E83003F002030293029B07B067
:10D5F8005DF804FB494BD3F8E82042F01002C3F869
:10D60800E820D3F8E83003F010030593059BDEE724
:10D61800424BD3F8E81041F00401C3F8E810D3F8FE
:10D62800E83003F004030393039B002ACFD01E20A5
:10D6380000220F21F8F7CEF81E2043E0374BD3F82D
:10D64800E81041F00801C3F8E810D3F8E83003F017
:10D6580008030493049B002AB9D0322000220F212A
:10D66800F8F7B8F832202DE02C4BD3F8E82042F038
:10D678000102C3F8E820D3F8E83003F0010301936E
:10D68800019BA4E700205821B3F1804F01FB002241
:10D69800127B1CD01D498B4290D1204BD3F8E81047
:10D6A80041F00201C3F8E810D3F8E83003F00203B0
:10D6B8000293029B002A8AD01D2000220F21F8F72E
:10D6C80089F81D2007B05DF804EBF8F7BFB8134BD5
:10D6D800D3F8E81041F00101C3F8E810D3F8E830B6
:10D6E80003F001030193019B002A3FF470AF1C2053
:10D6F80000220F21F8F76EF81C20E3E70120C2E7AB
:10D708000220C0E70320BEE788230024000400406D
:10D7180000080040000C004000100040004402587F
:10D728000F4B026819698A420BD0996E8A4211D050
:10D73800D3F8C0108A420FD0D3F818118A420DD0FE
:10D7480070470021582202FB01331A6D002AF7D0D6
:10D75800586D10470121F5E70221F3E70321F1E7AE
:10D7680088230024014801F025BF00BF9823002426
:10D77800014801F01FBF00BFF0230024014801F059
:10D7880019BF00BF48240024014801F013BF00BF9F
:10D79800A0240024F0B54FF0580C0F682E4D8DB022
:10D7A8000CFB07FC032F05EB0C06066047DC0B4659
:10D7B8000868344649689A6807C41B7B274A23705F
:10D7C80004AC7368003B18BF01231B01B36100233D
:10D7D80073610FCA84E80F000CAB03EB870353F89F
:10D7E800203CB3F1804F336124D01D4A934221D0AD
:10D7F80030890CF1100458230021802203FB0753C1
:10D808002C44C3E9070120469A6201F053FD034600
:10D8180000B1FEE74FF4805208A920460193CDE9F4
:10D828000823CDE90A33CDE9023301F0FDFD0346B3
:10D8380040B1FEE7582303FB07539868D9E7012056
:10D848000DB0F0BD01A920460193039301F06AFFD2
:10D858000028F5D0FEE700BF88230024F00801085F
:10D86800000C0040006808B5037B10302BB101F0B4
:10D87800C5FD003818BF012008BD01F0A5FD00381E
:10D8880018BF012008BD00BF9FED0D7B0E4B4FF068
:10D89800FF31002299601A73196683F86420C3F86F
:10D8A800B81083F8BC20C3F8101183F8142183ED55
:10D8B800007B83ED167B83ED2C7B83ED427B7047E9
:10D8C8000000000000000000882300241F4B0268AD
:10D8D8002DE9F041D3F88C50C368ADB2066987686A
:10D8E8005D1BA2B1AE4212D0044607EB060810D267
:10D8F800AE1B4046314600F045FF002327683146FD
:10D9080040466268B847E3682561AB421AD0BDE873
:10D91800F0819E1B4046314600F034FF314600231B
:10D92800626840462668B0472946384600F02AFF14
:10D9380000232668384662682946B047E3682561AF
:10D94800AB42E4D100232361BDE8F081000002402E
:10D958002DE9F84F04460F4690461E4600F134055F
:10D96800284602F025F92028FAD14FF480630020D8
:10D97800C4F8D030C4F848314FF44033C4F8DC0060
:10D98800C4F8E030C4F858314A4BC4F8E400C4F88D
:10D99800C03003F57A73C4F84401C4F83831402321
:10D9A800C4F85401C4F84031E369C4F85C01C4E91F
:10D9B8003200C4E93500C4E95300072B0BD8DFE86F
:10D9C80003F004535A373E454C612923C4F8C43048
:10D9D8002A23C4F83C3104F59C794846F8F7ACF89A
:10D9E80008B1FFBEFEE7C4F8A890C4F87051EFF381
:10D9F800108972B6DFF8C4B094F91C30DFF8C0A003
:10DA08008BF800300A9B2C4CCAF800300B9B236023
:10DA18000EB11846B0471FFA88F23946284601F079
:10DA2800B9FEB0BBB9F1000F00D162B6BDE8F88FFE
:10DA38003F23C4F8C4304023C4F83C31CBE741232A
:10DA4800C4F8C4304223C4F83C31C4E74723C4F8BF
:10DA5800C4304823C4F83C31BDE74F23C4F8C43070
:10DA68005023C4F83C31B6E72B23C4F8C4302C2328
:10DA7800C4F83C31AFE72D23C4F8C4302E23C4F8D2
:10DA88003C31A8E75123C4F8C4305223C4F83C31D0
:10DA9800A1E7FF238BF800300023CAF80030236089
:10DAA8000A9B13B101210B9898470120B9F1000F87
:10DAB800BCD1BAE788000240E8240024F0240024FE
:10DAC800EC2400242DE9F84F04460F4690461E46E4
:10DAD80000F13405284602F06BF82028FAD14FF4FB
:10DAE80080630020C4F8D030C4F848314FF4403384
:10DAF800C4F8DC00C4F8E030C4F858314A4BC4F824
:10DB0800E400C4F8C03003F57A73C4F84401C4F8DB
:10DB180038314023C4F85401C4F84031E369C4F8EB
:10DB28005C01C4E93200C4E93500C4E95300072B9D
:10DB38000BD8DFE803F004535A373E454C612923DC
:10DB4800C4F8C4302A23C4F83C3104F1C00948465B
:10DB5800F7F7F2FF08B1FFBEFEE7C4F8AC90C4F8CF
:10DB6800F850EFF3108972B6DFF8C4B094F91C309E
:10DB7800DFF8C0A08BF800300A9B2C4CCAF80030A4
:10DB88000B9B23600EB11846B0471FFA88F239463E
:10DB9800284601F047FEB0BBB9F1000F00D162B6CC
:10DBA800BDE8F88F3F23C4F8C4304023C4F83C31A3
:10DBB800CBE74123C4F8C4304223C4F83C31C4E75E
:10DBC8004723C4F8C4304823C4F83C31BDE74F2389
:10DBD800C4F8C4305023C4F83C31B6E72B23C4F84A
:10DBE800C4302C23C4F83C31AFE72D23C4F8C4302B
:10DBF8002E23C4F83C31A8E75123C4F8C43052237B
:10DC0800C4F83C31A1E7FF238BF800300023CAF8A1
:10DC1800003023600A9B13B101210B98984701201B
:10DC2800B9F1000FBCD1BAE788000240E82400240B
:10DC3800F0240024EC2400242DE9F0410C4682B0A5
:10DC4800EFF3108772B6002948D1FF23254A264DE5
:10DC58002B7013682BB1002021461060234A1068EE
:10DC680098472B781B0625D5DFF888800025204E9D
:10DC7800444605E001351C3406F5D876092D19D03F
:10DC8800A369012B1BD0002BF4D121683046002951
:10DC9800F0D0D4E90432CDE90032E3682289FFF7F5
:10DCA80011FF0028E6D1C5EBC50508EB850348F848
:10DCB8002500586007B962B602B0BDE8F081616816
:10DCC80030460029D6D06369019323690093E3683D
:10DCD8002289FFF73DFE0028CCD1E4E702F01CFCC6
:10DCE800B3E700BFEC240024F0240024E824002437
:10DCF80028250024DC010024F0B5002387B0022287
:10DD080004460393CDE90123037EC2690B2B4FEA36
:10DD180042051ED1A27E0B2A02D1002007B0F0BD19
:10DD280048486B1C484950F8233008781D78E67E2F
:10DD3800854262D0AA4276D0DD78A8426DD0AA4248
:10DD48007AD09D79854272D0AA422FD0012007B09F
:10DD5800F0BD3C4A3C4952F8252090F819C0167885
:10DD68000878B04238D0B3423DD0D678B0423ED0E1
:10DD7800B3424DD09679864245D0B342E6D1D379A5
:10DD88006345E3D1063204F11806937830460493CC
:10DD9800F6F73EFE034630461E46F6F741FE0346BA
:10DDA800694630460093F8F76DFCB3E7DA79B2427A
:10DDB800CCD106331A349B7820460493F6F728FE14
:10DDC800034620461C46F6F72BFE034669462046C6
:10DDD8000093F8F757FCA0E7577891F801E07745EA
:10DDE800C3D0B342C1D156786645BED1CBE792F8CD
:10DDF80004E04F78BE45BBD1BCE793F801C04F782B
:10DE0800BC4597D198E74978D0798842B5D19DE744
:10DE180016796645AED10332B5E793F804C04F785A
:10DE2800BC458CD18DE75D78B54285D1C2E749788C
:10DE3800D879884288D189E71D79B54281D10333E1
:10DE4800B8E700BFD8020024C80300247E4A03684C
:10DE5800934270B58EB000F0E380A2F54C42934235
:10DE680000F0E08002F58062934200F0DD8002F568
:10DE78008062934200F0DA8002F58062934200F0FB
:10DE8800D98002F54442934200F0D280A2F51C42A8
:10DE9800934200F0D18002F58062934200F0CE8078
:10DEA8006A4A934240F0CC8008264FF4D874684DF3
:10DEB80004FB0654A07EF6F7BBFD207EF6F7B8FDFE
:10DEC800E369082B13D8DFE803F049576573818F9E
:10DED8009D053B005F4BD3F8E82042F00042C3F8B1
:10DEE800E820D3F8E83003F000430793079B204667
:10DEF800FFF702FF012801D1FFBEFEE74FF4D873F8
:10DF08000EAA554C0DF1240C03FB0656F36902EBDF
:10DF180043050FCCACE80F0023680022ACF80030B2
:10DF2800114635F9140CF7F755FCF3690EAA02EB04
:10DF3800430333F9140C0EB0BDE87040F7F786BC04
:10DF4800444BD3F8F42042F00802C3F8F420D3F885
:10DF5800F43003F008030893089BC8E73D4BD3F857
:10DF6800F02042F01002C3F8F020D3F8F03003F0AC
:10DF780010030093009BBAE7364BD3F8E82042F42D
:10DF88000032C3F8E820D3F8E83003F400330193F3
:10DF9800019BACE72F4BD3F8E82042F48022C3F86A
:10DFA800E820D3F8E83003F480230293029B9EE72D
:10DFB800284BD3F8E82042F40022C3F8E820D3F82D
:10DFC800E83003F400230393039B90E7214BD3F835
:10DFD800E82042F48012C3F8E820D3F8E83003F4CC
:10DFE80080130493049B82E71A4BD3F8F02042F085
:10DFF8002002C3F8F020D3F8F03003F02003059393
:10E00800059B74E7134BD3F8E82042F08042C3F82D
:10E01800E820D3F8E83003F080430693069B66E7D0
:10E02800002642E7012640E702263EE703263CE7B2
:10E0380005263AE7042638E7062636E7072634E7B2
:10E0480000239B7EFFDE00BF00100140000C00583B
:10E058002825002400440258000901082DE9F04F42
:10E0680091B0002301223A490DF1240A09938B4605
:10E0780001F11C09CAF814305446CDF800A001F18A
:10E088003808CDF804A001F15407CDF808A001F133
:10E098007006CDF80CA001F18C05CDF814A001F1A3
:10E0A800C40E01F1E00CCAE90133CAE903330F9247
:10E0B800FF22284B1A7001F1A803CDE906AA0493A0
:10E0C800BAE80F00ABE80F009AE807008BE80700F2
:10E0D8000FCC009CA9E80F009AE8070089E8070020
:10E0E8000FCC019CA8E80F009AE8070088E8070011
:10E0F8000FCC029C0FC79AE8070087E807000FCCEF
:10E10800039C0FC69AE8070086E807000FCC0FC5E6
:10E118009AE80700059C85E807000FCC049C0FC40B
:10E128009AE8070084E80700069C0FCCAEE80F00C9
:10E138009AE80700079C8EE807000FCCACE80F00B0
:10E148009AE807008CE8070011B0BDE8F08F00BF1F
:10E15800DC010024F024002410B5094C094801F022
:10E168002BFC237D1BB1636BDB69DB0600D410BD80
:10E178002046FFF7ABFB1022636B1A6210BD00BF8D
:10E18800282500245C25002410B50B4C0B4801F011
:10E1980013FC94F8C43123B1D4F8E431DB69DB060D
:10E1A80000D410BD04F5D870FFF790FB1022D4F806
:10E1B800E4311A6210BD00BF282500240C27002472
:10E1C80010B50B4C0B4801F0F7FB94F8743323B1EE
:10E1D800D4F89433DB69DB0600D410BD04F558701D
:10E1E800FFF774FB1022D4F894331A6210BD00BFF5
:10E1F80028250024BC28002410B50B4C0B4801F03E
:10E20800DBFB94F8243523B1D4F84435DB69DB060D
:10E2180000D410BD04F5A260FFF758FB1022D4F813
:10E2280044351A6210BD00BF282500246C2A00243A
:10E2380010B50B4C0B4801F0BFFB94F8D43623B152
:10E24800D4F8F436DB69DB0600D410BD04F5D860D9
:10E25800FFF73CFB1022D4F8F4361A6210BD00BF59
:10E26800282500241C2C002410B50B4C0B4801F069
:10E27800A3FB94F8843823B1D4F8A438DB69DB060F
:10E2880000D410BD04F50760FFF720FB1022D4F876
:10E29800A4381A6210BD00BF28250024CC2D002404
:10E2A80010B50B4C0B4801F087FB94F8343A23B1B6
:10E2B800D4F8543ADB69DB0600D410BD04F52260BB
:10E2C800FFF704FB1022D4F8543A1A6210BD00BFBD
:10E2D800282500247C2F002410B50B4C0B4801F096
:10E2E8006BFB94F8E43B23B1D4F8043CDB69DB0610
:10E2F80000D410BD04F53D60FFF7E8FA1022D4F809
:10E30800043C1A6210BD00BF282500242C310024CB
:10E3180010B50B4C0B4801F04FFB94F8943D23B11A
:10E32800D4F8B43DDB69DB0600D410BD04F55860B1
:10E33800FFF7CCFA1022D4F8B43D1A6210BD00BF22
:10E3480028250024DC32002410B5EFF3108472B6BF
:10E35800084B1A78120602D504B962B610BD1B78AC
:10E368004FF4D870044A5BB200FB0320F7F776FF3E
:10E37800F2E700BFF0240024E825002410B5EFF3ED
:10E38800108472B6084B1A78120602D504B962B620
:10E3980010BD1B784FF4D870044A5BB200FB032011
:10E3A800F7F75CFFF2E700BFF024002460260024A2
:10E3B8000021FFF741BC00BF214A036893422BD0DC
:10E3C800A2F54C42934229D002F58062934227D0AD
:10E3D80002F58062934225D002F58062934223D0F1
:10E3E80002F54442934221D0A2F51C4293421FD029
:10E3F80002F5806293421DD0124A93421CD1082232
:10E408004FF4D871104B01FB0233197D11B1184636
:10E41800FFF75CBAFFF710BC0022F1E70122EFE733
:10E428000222EDE70322EBE70422E9E70522E7E70A
:10E438000622E5E70722E3E700231B7DFFDE00BF96
:10E4480000100140000C005828250024204A0368C9
:10E45800934229D0A2F54C42934227D002F580621C
:10E46800934225D002F58062934223D002F5806260
:10E47800934221D002F5444293421FD0A2F51C4298
:10E4880093421DD002F5806293421BD0114A9342F9
:10E498001AD108234FF4D8720F4802FB0300037DFA
:10E4A80003B97047FFF712BA0023F3E70123F1E736
:10E4B8000223EFE70323EDE70423EBE70523E9E76E
:10E4C8000623E7E70723E5E700231B7DFFDE00BF00
:10E4D80000100140000C0058282500240121FFF7F6
:10E4E800ABBB00BF00000000554B012147F61222CC
:10E4F80054489FED517B30B4C3E90B12C3E977123E
:10E50800C3E9E312C3F8B02DC3F84025C3F8F026D9
:10E51800C3F8A028C3F8502AC3F8002C03F5A66254
:10E52800C3F8AC1D484DC3F83C15C3F8EC16C3F846
:10E538009C18C3F84C1AC3F8FC1B0188434CE980AB
:10E54800E18082ED007B82782A7203F5DC6585ED37
:10E55800007B03F5096585ED007B03F5246583EDF4
:10E56800087B85ED007B83ED747B03F53F6583EDC8
:10E57800E07B03F55A6385ED007B83ED007B344B2C
:10E5880022720068A3F803105A714FEA104CD98020
:10E598001A72304B304CA3F803105A71D9801A7292
:10E5A8002E4BE1802272A3F803105A71A4F80310CD
:10E5B800627118802A4CD9801A7283F802C0294BDC
:10E5C800E1802272A3F803105A71A4F80310627153
:10E5D800D980254C1A72254BE1802272A3F80310CA
:10E5E8005A71D9801A72224B1880A3F803105A71F5
:10E5F800D9801A7283F802C01E4B1880A3F8031042
:10E608005A71D9801A7283F802C01B4B1880A3F87C
:10E6180003101A485A71D9801A7283F802C0184B2D
:10E62800A0F803104271C1800272A3F803105A7156
:10E63800D9801A7230BC7047010000000000000049
:10E6480028250024C8030024BC030024B0030024A8
:10E658009803002480030024A40300241825002420
:10E668008C030024440300245C03002438030024A2
:10E678000C25002400250024F42400242C03002465
:10E68800200300243E4B00220B20114610B5D3F87E
:10E69800D84082B044F00104C3F8D840D3F8D84039
:10E6A80004F001040094009CD3F8D84044F002041C
:10E6B800C3F8D840D3F8D83003F002030193019B84
:10E6C800F7F788F80B20F7F7C1F800220C2011465D
:10E6D800F7F780F80C20F7F7B9F800220D2011465B
:10E6E800F7F778F80D20F7F7B1F800220E20114659
:10E6F800F7F770F80E20F7F7A9F800220F20114657
:10E70800F7F768F80F20F7F7A1F800221020114654
:10E71800F7F760F81020F7F799F800223C20114627
:10E72800F7F758F83C20F7F791F800221120114626
:10E73800F7F750F81120F7F789F80022382011462A
:10E74800F7F748F83820F7F781F800223920114602
:10E75800F7F740F83920F7F779F800223A20114600
:10E76800F7F738F83A20F7F771F800223B201146FE
:10E77800F7F730F83B2002B0BDE81040F7F766B86D
:10E788000044025820F01F002031BFF34F8F0029AA
:10E7980007DD064A0144C2F85C0220300B1A002B40
:10E7A800F9DCBFF34F8FBFF36F8F704700ED00E0C8
:10E7B800034628B190F83D20022A03D080228266C1
:10E7C8000120704702680421002083F83D10D368B7
:10E7D80023F00103D360704703682C495A6910B4C9
:10E7E8009C6944F008049C619C6944F010049C6195
:10E7F8001C6824F001041C601C6921401961996897
:10E8080021F44041996090F88110042901D09106C3
:10E8180030D490F88110032901D054061FD49105F3
:10E8280009D5D0F8841041F00101C0F88410996925
:10E8380041F400719961D20509D5D0F8842042F0DD
:10E848000802C0F884209A6942F480729A61002311
:10E858005DF8044BA0F86230A0F86A307047D0F831
:10E86800841041F00401C0F88410996941F0400116
:10E878009961D4E7D0F8841041F08001C0F8841081
:10E88800996941F020019961C3E700BF90FCFFFF3F
:10E89800002800F0A38002680021F8B5504B044618
:10E8A800C5689A42816215D0A3F578439A4211D07F
:10E8B80003F580639A4200F089800F2D08D8C66B53
:10E8C80005F108037109DB0801FB0333082B09D99B
:10E8D8000120F8BD424BE66B9A4257D0A3F5784326
:10E8E8009A4253D094F8813003F0FF01002B63D093
:10E8F800002002236168A76B84F88130136823F035
:10E9080001031360A369B3F1806F49D00B4330430F
:10E91800666B3B433343666A334326693343666910
:10E928003343266A3343E66C3343A6683343E669C8
:10E93800304328439060A06C0343A06D0343D36029
:10E94800B9B9936823F4C05343F4006393609368A0
:10E9580023F4C06343F480639360136D23F00103D1
:10E96800136500230122C4F88430184684F88120F6
:10E97800F8BD136D23F0010313654B02F1D5D3687D
:10E98800616D23F000430B43D360EAE705F1080308
:10E998007109DB0801FB0333102BA3D9012098E789
:10E9A800B1F5800FB2D1002FB0D1D2F800C04CF42D
:10E9B800805CC2F800C0A9E7204684F88010FEF702
:10E9C80019FA2268A06AE66BE56892E7C66B05F15A
:10E9D80008037109DB0801FB0333DDE701207047F9
:10E9E80000300140F8B590F88030012B7CD090F8C9
:10E9F8008130154601220446DEB2934280F8802019
:10EA08006FD1002968D0B5FA85F35B09002D63D072
:10EA180003224366A0F8683080F88120C0F884306B
:10EA2800A0F86250A0F86A30C165A0F86050C0E94B
:10EA38001C338368B3F5C02F04D10268136843F40C
:10EA480000631360E368A06F0F2B82694FD9B2F59A
:10EA5800804F41D12268384B384F2032036452F836
:10EA6800183CC763364F23F40043C7640027076583
:10EA780042F8183CB4F862309BB2F7F711FA002854
:10EA880045D1A26F2368D269B2F5807F5A686FF3C7
:10EA98000F0218BF2A435A609A68616842F400421C
:10EAA800B1F5800F9A601A6942F448721A611A68BF
:10EAB80042F001021A6003D11A6842F400721A6027
:10EAC80000231E4684F880303046F8BDB2F5005F5A
:10EAD80027D0B2F5804F27D0002384F88030304605
:10EAE800F8BD002380F8803002263046F8BD072B99
:10EAF800ECD8B2F5005F17D0B2F5804FAAD1B4F8C0
:10EB080062309BB203339B08A4F86230A2E7D4F8C2
:10EB18008430012243F01003C4F8843084F8812043
:10EB2800DDE7B2F5804F95D1B4F862309BB201337E
:10EB38005B08A4F862308DE75DEF0008E1EE00089D
:10EB480089EF000870B51D4690F88030012B00F061
:10EB580096800123044680F8803090F88130406820
:10EB6800DBB2B0F5800F7DD0012B40F08580002D01
:10EB780018BF002A71D000296FD094F88130042B77
:10EB880002D0052384F881300023E1652168C4F8A8
:10EB98008430A4F86250A4F86A50A4F86050626601
:10EBA800A4F86850E06FC4E91C338B68866923F4C5
:10EBB80040438B60E3680F2B63D9B6F5804F4CD187
:10EBC80094F881303031594E042B594B18BF3346D5
:10EBD800584E0364584B18BF3346C363574BC3643E
:10EBE80000230365B4F86A309BB2F7F759F9034676
:10EBF800002865D12268A06F9168203241F48041D5
:10EC080042F8181CE16DC0E90F33C0E91333B4F8BA
:10EC180062309BB2F7F744F9002851D1A26F2368FC
:10EC2800D269B2F5807F5A686FF30F0218BF2A4382
:10EC38005A609A68616842F40042B1F5800F9A60A0
:10EC48001A6942F458721A611A6842F001021A608D
:10EC580040D0002384F8803070BD002384F88030D1
:10EC6800012070BDA06800287FF47EAF042B3FF41C
:10EC78007EAF012B3FF47BAF002384F88030022065
:10EC880070BD072B2BD8A36F9B69B3F5005F44D0E9
:10EC9800B3F5804F06D1B4F862309BB203339B08BA
:10ECA800A4F86230B6F5005F2FD0B6F5804F87D153
:10ECB800B4F86A309BB203339B08A4F86A307FE744
:10ECC800D4F88430012243F01003C4F8843084F867
:10ECD8008120C5E71A6842F400721A60B9E7B6F5F0
:10ECE800005F02D0B6F5804FB7D1A36F9B69B3F52B
:10ECF800804F06D1B4F862309BB201335B08A4F8A8
:10ED08006230B6F5804F7FF45BAFB4F86A309BB2DF
:10ED180001335B08A4F86A3052E7B4F862309BB25A
:10ED280001335B08A4F86230BCE700BF7DEF000840
:10ED38006DEF000831EF000809EF000889EF0008BF
:10ED48002DE9F0411546826804460E4622B943680B
:10ED5800B3F5800F00F0918094F88030012B73D0C8
:10ED6800012384F8803094F88130012BDFB268D118
:10ED7800002E60D0B5FA85F35B09002D5BD0042125
:10ED8800B2F5C02F666684F88110A4F86850C4F8FC
:10ED98008430A4F86030A4F86A50A4F86230C4E95A
:10EDA8001C3304D12268136823F400631360E368FA
:10EDB800E06F0F2B82694BD9B2F5804F3BD12168A8
:10EDC8008B6823F480438B60404B324630310364B8
:10EDD8003F4BC3633F4BC36400230365B4F86A30F9
:10EDE8009BB2F7F75DF8002850D1E26F2368D2692B
:10EDF800B2F5807F5A686FF30F0218BF2A435A6032
:10EE08009A68616842F48042B1F5800F9A601A6985
:10EE180042F450721A611A6842F001021A6003D172
:10EE28001A6842F400721A6000231F4684F8803082
:10EE38003846BDE8F081002384F880303846BDE8C4
:10EE4800F081002384F8803002273846BDE8F0813D
:10EE5800072B25D82168B2F5005F8B6823F480431F
:10EE68008B602BD0B2F5804FAED1B4F86A309BB22C
:10EE780003339B08A4F86A30A6E72B4604250A4604
:10EE880080F88150BDE8F041FFF75CBED4F88430CB
:10EE9800012243F01003C4F8843084F88120CDE7C0
:10EEA800B2F5005F02D0B2F5804FC4D12168B2F547
:10EEB800804F8B6823F480438B6085D1B4F86A3027
:10EEC8009BB201335B08A4F86A307DE76DEF000858
:10EED80009EF000889EF0008806B08B590F88130C9
:10EEE800072B09D0836FDB69B3F5807F05D00268F3
:10EEF800136943F00803136108BDFEF7E1F808BD84
:10EF0800806B08B590F88130072B09D0C36FDB6997
:10EF1800B3F5807F05D00268136943F008031361D5
:10EF280008BDFEF72DF908BD806B08B590F8813053
:10EF3800072B09D0836FDB69B3F5807F05D00268A2
:10EF4800136943F00803136108BDFEF779F908BD9A
:10EF5800704700BF806B08B5FFF7FAFF08BD00BF18
:10EF6800704700BF806B08B5FFF7FAFF08BD00BF08
:10EF7800704700BF806B08B5FFF7FAFF08BD00BFF8
:10EF880010B5846BF7F77CFB022800D110BD23680D
:10EF980030495A69986940F008009861986940F0CA
:10EFA80010009861186820F0010018601869014085
:10EFB8001961996821F44041996094F881100429F5
:10EFC80001D091063AD494F88110032901D0500653
:10EFD80029D4910509D5D4F8841041F00101C4F869
:10EFE8008410996941F400719961D20509D5D4F862
:10EFF800842042F00802C4F884209A6942F480729E
:10F008009A61002301222046A4F86230A4F86A30ED
:10F01800D4F8843043F01003C4F8843084F8812095
:10F02800FEF76EF910BDD4F8841041F00401C4F85D
:10F038008410996941F040019961CAE7D4F88410B5
:10F0480041F08001C4F88410996941F02001996168
:10F05800B9E700BF90FCFFFF036819695A692DE9F9
:10F06800F04101EA02059F68044690F8816005F0C6
:10F07800640CBCF1040F2FD005F04500012834D0F2
:10F0880005F02600022800F0DE8028076FD59A696F
:10F0980017F4404FF6B242F008029A619A6942F0BA
:10F0A80010029A619A6942F400629A611A6922F020
:10F0B80008021A6123D0042E00F0DC80A26FD26906
:10F0C800EAB1032E4FD0E26FD269C2B1052E14D136
:10F0D8002046FEF7B5F810E0436F9847236F2046A7
:10F0E800984705F04503012B02D1236F2046984726
:10F0F80005F02605022D00F0A680BDE8F0819A688B
:10F1080012F4404F1ED1B4F86A2092B2D2B1626EA6
:10F118000EE01B6B42F8043BB4F86A306266013BB0
:10F128009BB2A4F86A30B4F86A309BB253B1236832
:10F13800E1680F29EDD8072940F291801B8E22F84B
:10F14800023BE9E72046FFF747FB012384F88130BB
:10F15800D4F88430002B7FD1052EB9D0042E00F0CE
:10F168008E80032EC9D12046FDF7AAFFC5E71005FA
:10F1780001D50A0779D415F4587FBED06E0609D593
:10F18800D4F8842042F00402C4F884209A6942F03A
:10F1980040029A61A80509D5D4F8842042F00102FA
:10F1A800C4F884209A6942F400729A61E90509D585
:10F1B800D4F8842042F00802C4F884209A6942F402
:10F1C80080729A61AA0609D5D4F8842042F0800298
:10F1D800C4F884209A6942F020029A61D4F8842005
:10F1E800002A8AD0196807F44047274A21F001010C
:10F1F800B7F5404F1960196902EA01021A6127D16F
:10F208009A68E06F22F440429A6050B11F4B036540
:10F21800F6F78AFF28B1D4F8843043F04003C4F8E5
:10F228008430A06F00283FF468AF184B0365F6F7E9
:10F238007BFF00283FF461AFD4F8843043F04003EB
:10F24800C4F8843059E7636F2046BDE8F041184799
:10F258000123204684F88130FEF752F84DE793F8F1
:10F2680030301370626E013256E79A6942F40062D8
:10F278009A6142E7E26FD269002A3FF440AF204624
:10F28800FDF77EFF39E700BF94FCFFFF99F2000805
:10F2980008B5806B00230122A0F86A30A0F862301C
:10F2A80080F88120FEF72CF808BD00BF90F8810097
:10F2B800704700BF002879D0F8B590F83D30044673
:10F2C80003F0FF02002B6CD022680223384939482A
:10F2D800B2F1804FA2EB010184F83D30A2EB000EA1
:10F2E8001368B1FA81F1A769BEFA8EFEE6684FEAA3
:10F2F800511165684FEA5E1E20D0F9B9DFF8C4C025
:10F30800624535D00CF5806C624531D00CF5806CC7
:10F31800624513D0BEF1000F10D1274827498A4211
:10F3280018BF824228D001F580618A4224D023F098
:10F3380080033B431360D662956213E0A06823F014
:10F3480070030343206923F44073034323F08003CD
:10F358003B431360D662956211B9BEF1000F15D018
:10F368006369136301230020536184F83D30F8BDBD
:10F3780023F07003A1680B43216923F440730B4306
:10F3880023F080033B431360D66295620C490A4B15
:10F398009A4218BF8A42E3D003F580639A42DFD0CD
:10F3A800E0E780F83C20FEF7EDF88DE70120704794
:10F3B80000000140000401400040014000440140B9
:10F3C80000480140000400404FF0020C01680A4A5E
:10F3D800034680F83DC088680240062A06D0B2F588
:10F3E800803F03D00A6842F001020A60012200202F
:10F3F80083F83D20704700BF070001000368094AF1
:10F40800D96841F00101D96099680A40062A06D0F6
:10F41800B2F5803F03D01A6842F001021A6000205A
:10F42800704700BF0700010090F83C20012A7DD0FA
:10F4380002680346022030B4012483F83D00554891
:10F4480083F83C40946820400C68602C90606FD032
:10F4580016D9B4F5005F00F0848036D8702C2BD113
:10F468009468D1E901502843CD6824F47F4140EAEB
:10F47800052008439060916841F0770191601BE096
:10F48800402C3BD033D9502C16D14C68CD68116A2A
:10F49800106A21F00A0120F001000C433E49106275
:10F4A800906920F0F00040EA0510906114629068BD
:10F4B800014041F05701916000220121104683F874
:10F4C8003D1083F83C2030BC704734498C4206D04C
:10F4D80057D933498C4202D010318C42ECD1906814
:10F4E8002D490140214341F007019160E4E7202CB8
:10F4F800F5D04CD834F01001DED1F0E74C68CD6877
:10F50800116A106A21F00A0120F001000C43224917
:10F518001062906920F0F00040EA051090611462D2
:10F528009068014041F047019160C5E702207047AB
:10F53800C8684C68116A21F010011162916921F4C0
:10F54800704141EA0031106A20F0A000916112492F
:10F5580040EA041010629068014041F06701916030
:10F56800AAE7D1E9015094682843CD6824F47F4183
:10F5780040EA052008439060916841F48041916019
:10F588009AE724F01001B1F5801F95D1A7E7302C38
:10F5980092D1A4E78800CEFF8FFFCFFF2000100094
:10F5A80030001000704700BF704700BF704700BFB1
:10F5B800704700BF03681A69910710B5044602D561
:10F5C800DA68920768D41A69520702D5DA685007D0
:10F5D8004FD41A69110702D5DA68120737D41A69A5
:10F5E800D00602D5DA68D1061ED41A69D20702D528
:10F5F800DA68D00769D41A69110602D5DA681206E2
:10F608006BD41A69D00502D5DA6811066DD41A6967
:10F61800520602D5DA6850066FD41A69910602D5E7
:10F62800DA68920649D410BD6FF01001082220460E
:10F6380019612277DB6913F4407F6FD1FFF7B2FFBE
:10F648002046FFF7B3FF002223682277CDE76FF04B
:10F6580008010422204619612277DB699B075AD1E9
:10F66800FFF7A0FF2046FFF7A1FF002223682277BB
:10F67800B5E76FF0040102222046196122779B69E1
:10F6880013F4407F44D1FFF78DFF2046FFF78EFF2C
:10F698000022236822779CE76FF00201012219619A
:10F6A80002779B69990730D1FFF77CFF2046FFF767
:10F6B8007DFF00222368227785E76FF0200220462D
:10F6C8001A61BDE8104000F05FB86FF001022046F3
:10F6D8001A61FEF725F823688DE76FF0800220464F
:10F6E8001A6100F053F823688BE76FF480722046A4
:10F6F8001A6100F04DF8236889E76FF04002204650
:10F708001A61FFF755FF236887E7FFF74DFFD0E73A
:10F71800FFF74AFFBCE7FFF747FFA6E7FFF744FFFD
:10F7280091E700BF90F83C20012A28D003460068E2
:10F73800022230B4134D83F83D20A8424268846801
:10F7480018D005F58065A84214D024F0800C22F06A
:10F7580070020C688968224300244CEA01014FF0CA
:10F76800010C42608160204683F83DC083F83C402C
:10F7780030BC704722F470024D682A43E5E7022046
:10F78800704700BF00000140704700BF704700BFCE
:10F79800704700BFF8B5D0F880600446202E2DD100
:10F7A80051B3B2FA82F513466D092AB394F87C2056
:10F7B800012A23D00122606FA4F8563084F87C20F7
:10F7C8002122C4F888502165C4F88020A4F8543058
:10F7D8002268B0B1104F28320565C7630F4F076420
:10F7E8000F4FC764F6F75CFB50B1102384F87C50C8
:10F7F800C4F88830C4F880600120F8BD0220F8BD44
:10F80800226800204023136284F87C00936843F048
:10F8180080039360F8BD00BFC9F80008F9F8000834
:10F8280049F90008F8B5D0F88470202F2ED159B3C3
:10F83800B2FA82F513466D0932B390F87C2004467B
:10F84800012A23D00122C0F88850816580F87C20E5
:10F858002222A0F85C30C0F88420806F2668C0B1EE
:10F868000A4606F12401134E0565C663124E066466
:10F87800124EC664F6F714FB50B1102384F87C507E
:10F88800C4F88830C4F880700120F8BD0220F8BDA3
:10F898002668002084F87C00336843F48073336062
:10F8A800B36843F00103B360B36843F04003B36047
:10F8B800F8BD00BF05F900083DF9000849F900083E
:10F8C80008B5C369806BB3F5807F0CD0036800224C
:10F8D800A0F856209A6822F080029A601A6842F0CE
:10F8E80040021A6008BDFEF763FD08BD704700BFFF
:10F8F800806B08B5FFF7FAFF08BD00BF08B5C369FC
:10F90800806BB3F5807F12D0036800222021A0F815
:10F918005E201A6822F480721A609A6822F0010246
:10F928009A609A6822F040029A60C0F88410FEF744
:10F9380043FD08BD806B08B5FEF788FD08BD00BF14
:10F94800806B38B50368D0F88040D0F884109A6886
:10F95800150601D5212C1DD09A68520601D52229F9
:10F9680008D0D0F8883043F01003C0F88830FEF78C
:10F97800B5FD38BD00240F4A2025A0F85E4019685F
:10F9880021F49071196099680A409A60C0F884500F
:10F99800C466E6E700222024A0F856201A6822F060
:10F9A800C0021A609A6822F400029A60C0F8804087
:10F9B800D2E700BFFEFFFFEF0268D36970B51E07EC
:10F9C80015680446916824D19E0606D505F0200CDA
:10F9D80001F0805E5CEA0E0C79D1D80201D54E02A6
:10F9E8007BD4180605D501F4000105F08000084312
:10F9F80066D15E0602D5680600F1AD80190202D50F
:10FA08006A0000F1B580DB0102D5002DC0F2B58097
:10FA180070BD5F48084040F0938015F4907FDCD0BB
:10FA2800DE0717D5EE0560D501261662D4F8886082
:10FA380046F00106C4F888609E0758D5CE0709D558
:10FA480002261662D4F8886046F00406C4F8886076
:10FA58005E0750D41E075FD505F0200C5CEA000C49
:10FA680052D1D4F88830002BD2D0D4F888109368BB
:10FA780001F0080103F0400353EA010500F0828019
:10FA880011682020434B21F49071116091680B405C
:10FA980000219360C4F884009368E1665D0656D53A
:10FAA8009368A06F23F04003936000284FD03A4B2F
:10FAB8000365F6F739FB0028AAD0A06F036D09E0AB
:10FAC800236F002BA4D02046BDE870401847C36EB2
:10FAD800002B9DD0BDE8704018474FF48013204696
:10FAE8001362BDE8704000F04BBD9E07B2D45E07BC
:10FAF800B0D5CE07AED504261662D4F8886046F095
:10FB08000206C4F88860A5E708201062D4F88800C7
:10FB180040F00800C4F88800D4F8880000283FF4B2
:10FB280077AF9E06A1D505F0200501F080510D4361
:10FB38009BD0E36E002B98D020469847226894E724
:10FB4800DE077FF579AFEE057FF576AF6CE72046E7
:10FB5800FEF7C4FC70BD13682020002123F0400389
:10FB68001360C4F8800020462167FEF721FC70BDB1
:10FB78002046BDE8704000F007BD2046BDE8704053
:10FB880000F000BD2046FEF7A9FCC4F8885070BDFF
:10FB980001000010FEFFFFEFA5FB000808B5806B11
:10FBA8000023A0F85E30A0F85630FEF797FC08BD99
:10FBB800D0F88020D0F884001043704770B5826870
:10FBC8000446006986B061690243E06923680A4314
:10FBD800616E1D6802430A43B0492940656A0A43B9
:10FBE800E1681A605A6822F440520A43A1695A60CF
:10FBF800AB4A934200F00382226A9E681143A94AE5
:10FC0800324011439960DA6A22F00F022A43DA621D
:10FC1800A54A934228D0A54A93421AD0A44A9342AF
:10FC280017D0A44A934214D0A34A934211D0A34AAE
:10FC3800934219D0A24A93420BD0A24A934208D0C9
:10FC4800012000234FF00112C4E91A23236706B0EC
:10FC580070BD9D4B5B6D03F00703052BF0D8DFE803
:10FC680003F0C85F7BB08F9F974B5B6D03F0380341
:10FC7800282BE5D801A252F823F000BFFDFE0008AA
:10FC880049FC000849FC000849FC000849FC000838
:10FC980049FC000849FC000849FC000829FD000847
:10FCA80049FC000849FC000849FC000849FC000818
:10FCB80049FC000849FC000849FC000861FD0008EF
:10FCC80049FC000849FC000849FC000849FC0008F8
:10FCD80049FC000849FC000849FC0008CBFD000865
:10FCE80049FC000849FC000849FC000849FC0008D8
:10FCF80049FC000849FC000849FC000889FD000887
:10FD080049FC000849FC000849FC000849FC0008B7
:10FD180049FC000849FC000849FC0008A9FD000846
:10FD2800B0F5004F00F01B816846FAF763FC626A81
:10FD3800019B002A78D1626803EB5203B3FBF2F30C
:10FD48009BB2A3F110014FF6EF7291423FF678AFE4
:10FD58002268D360002074E7B0F5004F00F0DB8024
:10FD680003A8FAF7E1FC626A049B002AE3D0013A8F
:10FD78000A2AE0D8554951F82220B3FBF2F3DAE712
:10FD8800B0F5004F00F00D81002D4BD0013D0A2D3C
:10FD980048D84F4A4F4B52F82520B3FBF2F3CAE735
:10FDA800B0F5004F00F0EB80002D38D0013D0A2D52
:10FDB80035D8494A4FF4004352F82520B3FBF2F3F3
:10FDC800B9E7B0F5004F00F0F8803F4B1A6892068B
:10FDD80033D51A68414BC2F3C102D340002DAAD0D3
:10FDE800013D0A2DA7D83E4A52F82520B3FBF2F36D
:10FDF800A1E7B0F5004F2ED0F9F770FC636A3BB16C
:10FE0800013B0A2B04D8374A52F82330B0FBF3F0F1
:10FE1800626800EB5203B3FBF2F39BB291E74FF435
:10FE2800004388E72B4B86E7013A0A2A83D82E49F4
:10FE380051F82220B3FBF2F37DE7002D00F0DD80BE
:10FE4800013D0A2D00F2D980284A244B52F825207A
:10FE5800B3FBF2F36FE7F9F741FC636A3BB1013B8F
:10FE68000A2B04D8224A52F82330B0FBF3F0626818
:10FE7800530803EB4003B3FBF2F39BB2A3F1100169
:10FE88004FF6EF7291423FF6DBAE23F00F02C3F359
:10FE9800420321681343CB605CE700BFF369FFCFDF
:10FEA800000C0058FFF4FF1100100140004400400E
:10FEB80000480040004C0040005000400014014041
:10FEC80000780040007C004000440258280C0108DB
:10FED800280C010800093D00280C01080090D003F7
:10FEE800280C0108280C0108280C0108280C010816
:10FEF800280C0108B0F5004F23D0F9F70BFC636A12
:10FF0800002B85D0013B0A2B82D8A64A52F8233011
:10FF1800B0FBF3F07CE703A8FAF706FC636A0499E0
:10FF28003BB1013B0A2B04D89F4A52F82330B1FB5E
:10FF3800F3F16268530803EB4103B3FBF2F39BB29E
:10FF48009CE7F9F7E7FB636A002B90D0013B0A2B8B
:10FF58008DD8964A52F82330B0FBF3F087E768460D
:10FF6800FAF748FB636A0199002BE2D0013B0A2BA0
:10FF7800DFD88F4A52F82330B1FBF3F1D9E7002DCF
:10FF880036D0013D0A2D33D88A4B53F82530B0FBC3
:10FF9800F3F35B00626803EB5203B3FBF2F39BB22B
:10FFA8006CE745B3013D0A2D25D8834A834B52F8A7
:10FFB8002520B3FBF2F35B00ECE7814B1A6891064E
:10FFC80040F1BC811B687F4AC3F3C103DA403DB1ED
:10FFD800013D0A2D04D87C4B53F82530B2FBF3F2CF
:10FFE80061684B0803EB4203B3FBF1F39BB245E7AF
:08FFF8004FF48033CEE7754B96
:020000040801F1
:10000000CCE7724B9BE69868734A02400A436E49FC
:100010009A60DA6A22F00F022A43DA628B6D03F0EB
:100020000703052B3FF610AEDFE803F0AE9B8873A5
:100030006403002D00F07681013D0A2D00F27281EB
:10004000664B4FF4004053F82530B0FBF3F04023EB
:10005000656805EB450282423FF6F6ADB0EB053F21
:100060003FF6F2AD202B00F27B81023B1E2B3FF6C8
:10007000EBAD01A252F823F0E302010849FC0008AD
:10008000BD02010849FC000849FC000849FC0008C1
:100090004F02010849FC000849FC000849FC00081F
:1000A00049FC000849FC000849FC000849FC00081C
:1000B000F501010849FC000849FC000849FC00085A
:1000C00049FC000849FC000849FC000849FC0008FC
:1000D00049FC000849FC000849FC000849FC0008EC
:1000E00049FC000849FC000849FC000849FC0008DC
:1000F0008D020108002D00F01381013D0A2D00F250
:100100000F81374B2F4853F82530B0FBF3F02023F5
:100110009EE72D4B1A68960640F107811B682B4815
:10012000C3F3C103D8403DB1013D0A2D04D82D4B86
:1001300053F82530B0FBF3F0102389E703A8FAF752
:10014000F7FA636A04983BB1013B0A2B04D8264AAC
:1001500052F82330B0FBF3F0082300283FF4FEAD43
:1001600076E76846FAF74AFA636A01983BB1013BC1
:100170000A2B04D81D4A52F82330B0FBF3F00423B5
:1001800000283FF4EBAD63E7FAF726FA636A3BB168
:10019000013B0A2B04D8164A52F82330B0FBF3F087
:1001A000022300283FF4DAAD52E700BF280C010813
:1001B000280C0108280C0108280C0108280C01084B
:1001C000280C010800093D00004402580090D003AB
:1001D000280C010800127A00FFF4FF11280C010816
:1001E000280C0108280C0108280C0108280C01081B
:1001F000280C01086E4A636A1168880640F1BD80C8
:10020000126800216B48C2F3C102D0404BB1013BE0
:100210000A2B06D8684A02EBC303D3E90023F0F7A0
:10022000F3FC0902030241EA1061680818182A4623
:100230004FF0000341F10001F0F7E6FCA0F5407239
:100240005E4B9A423FF600AD2368D86086E503A86E
:10025000FAF76EFA636A049800214BB1013B0A2B4E
:1002600006D8574A02EBC302D2E90023F0F7CCFCD0
:1002700062680902030241EA1061500818184FF041
:10028000000341F10001F0F7BFFCD7E7616A0029E4
:1002900000F0818001390A2900F28280494B4A48E6
:1002A00003EBC103D3E900230021F0F7ADFC0346C3
:1002B0000902180241EA13616B08B7E76846FAF7CA
:1002C0009DF9636A01980021002BD1D0013B0A2BD4
:1002D000CED83E4A02EBC302D2E90023F0F794FCE9
:1002E000C6E7FAF779F9626A0021034652B1013A8A
:1002F0000A2A07D8364B03EBC203D3E90023F0F7F1
:1003000083FC034662680902180241EA136153083C
:10031000C0184FF0000341F10001F0F775FC8DE7C4
:100320002948F4E64FF4004091E64DB1013D0A2D15
:1003300006D8284B1F4853F82530B0FBF3F0FBE6F6
:100340001C48F9E655B1013D0A2D07D8224A194B40
:1003500052F82520B3FBF2F35B001FE61F4B1DE6AE
:10036000616AA9B101390A291DD81D4B4FF400401B
:1003700003EBC103D3E9002396E773B1013B0A2BDA
:100380000BD8184A0B4802EBC303D3E900238BE7D1
:100390004FF4000090E714488EE7144803218BE7E0
:1003A0001148002188E74FF40000002184E700BFD6
:1003B000004402580090D003D00B0108FFFC0F004E
:1003C000D00B0108D00B010800093D00D00B01083B
:1003D000D00B0108280C0108280C01080020A107F7
:1003E000D00B0108D00B01080000093D000090D09F
:1003F000836ADA0710B406D50168C46A4A6822F431
:10040000003222434A609C0706D50168046B4A68A3
:1004100022F4803222434A60590706D50168446BB2
:100420004A6822F4802222434A601A0706D50168EE
:10043000846B4A6822F4004222434A60DC0606D5F7
:100440000168C46B8A6822F4805222438A6099064C
:1004500006D50168046C8A6822F4005222438A603F
:100460005A060AD50168446C4A68B4F5801F22F424
:10047000801242EA04024A600BD01B0606D50268CD
:10048000C16C536823F400230B4353605DF8044BA5
:1004900070474A68846C22F4C00222434A60ECE749
:1004A00038B500230446C0F88830F4F7D1FB236840
:1004B00005461A6810070CD41A68520725D4202361
:1004C0000020C4F88030C4F88430002384F87C30E5
:1004D00038BDDA699102EFD4F4F7BAFB431BB3F1EC
:1004E000007F2368F5D31A682021032022F4D072FC
:1004F0001A609A6822F001029A600023C4F8801002
:1005000084F87C30C4F8841038BDDB695B02D6D433
:10051000F4F79EFB431BB3F1007F2368F5D3E2E7BA
:1005200080B3D0F8803010B5044633B3226824235A
:100530002046C4F88030136823F001031360FFF7EE
:1005400041FB012817D0A36A8BB9236820465A685B
:1005500022F490425A609A6822F02A029A601A683D
:1005600042F00102BDE810401A60FFF799BF204633
:10057000FFF73EFFE9E7012010BD80F87C30FDF772
:1005800069FCD3E701207047704700BF704700BF88
:10059000704700BF037810B504462DED028BD0EDF7
:1005A000078A90ED068A072B00F28581DFE803F0C9
:1005B0004A8F9E7B82A7EA04D0ED037AB7EE007AD9
:1005C000BFEE000AF4EEC87AF1EE10FAF4EEC88A33
:1005D00037FE000AF1EE10FA00F3348177EE686A14
:1005E000F4EEC86AF1EE10FA00F10C81F7EE006A41
:1005F00076EEE77A77EE887ABDEEE77AB8EEC77ADC
:1006000077EEC77AF4EEE87AF1EE10FA00F1438162
:1006100036EEE87AF4EEC77AF1EE10FA0DDD77EEF9
:10062000E67A87EEA87AF0EE477AE7EE077A37EEB9
:10063000277A37EE267A30EE470ADFEDA07A20EEF1
:10064000270A05E09FED9E0A28EE000AEFF768FEF4
:1006500078EE887AB7EE007AF4EEC77AF1EE10FA07
:1006600040F3B78077EEC77A012377EEE88AC4EDCE
:10067000067AB6EE007A84F82930F4EEC78AF1EEF5
:1006800010FA40F1A480F4EEC77AF1EE10FAACBF94
:1006900001230023D4ED017A84F8283020EE270AC4
:1006A000BDEC028B10BDF0EE007ABFEE000AA8EEA2
:1006B000270ACDE790ED037AB7EE000AFFEE007A45
:1006C000B4EEC87AF1EE10FA30FE270AC0E7B0EEB9
:1006D000007ABFEE000AF6EE007AA8EE070AB0EE46
:1006E000C00A30EE670A30EE000AB1E7F0EE007A99
:1006F000BFEE000AA8EE270AB1EE400AA8E7F6EE20
:10070000007AB7EE007AB4EEE78A37EE686AF1EE67
:1007100010FAF4EEC88A5ED5F1EE10FA00F3838089
:10072000F6EE007A78EE277AFDEEE76AF8EEE66AF2
:1007300077EEE67AF4EEE87AF1EE10FA00F19C80BA
:10074000F4EEC67AF1EE10FA0FDDF7EE005A77EE0E
:10075000E57AC7EEA86AF0EE667AE6EEA67A76EE5D
:10076000A76A76EEA56A37EE667AD4ED087AB1EE1E
:10077000000A66EE277AE7EE287A27EE800AC4EDB3
:10078000087A65E7F4EEC88AF0EE007ABFEE000A58
:10079000F1EE10FAA8EE270A61DCB7EE007A77EEE8
:1007A000687AF4EEC87AF1EE10FA0DD578EE476A61
:1007B000C6EEA87AF0EE676AE7EEA76A77EEA67A49
:1007C00077EE877A30EE670AB1EE400A40E7002301
:1007D00060E7002349E7F1EE10FA22DCB4EEC86AC4
:1007E000F1EE10FA64D578EE477AC7EEA86AF0EE1B
:1007F000667AE6EEA67A76EEA76A76EE876A36EE37
:10080000C77A8DE738EE476AC6EE286AB0EE666AA8
:10081000A6EEA66A76EE866A76EE876A30EE260A3D
:10082000E4E6BFEE007AC8EE286AB0EE005AF7EEB2
:10083000005A66EEE67AE6EE857A77EEE57A37EEEE
:10084000877A6DE788EE286AF0EE005A66EE466A0F
:10085000E6EE256A36EEC77A30EE070AC6E6C8EE3F
:10086000286AB7EE006A26EEE67AA6EEA77A77EE59
:10087000467A30EE670AA7E7C7EEA86AB0EE005ADC
:10088000F7EE005A66EEE67AE6EE857A77EEE57ADE
:1008900037EE677A69E787EEA87AB0EE006A67EE0E
:1008A000477AE7EE067A77EEE67A30EE670AC4E634
:1008B000BFEE007A34E79FED030AC9E6F4FD343F4A
:1008C000DB0FC94000000000D0ED057A20EE270ABA
:1008D000704700BF0B4601461846EFF7DBBE00002D
:1008E0000054004000580040005C0040001C0058CC
:1008F000000000400004004000080040000C0040E0
:100900002500260027003400350047005200530020
:100910008E00000000000000A2000000F9A200000C
:1009200083F9A2006E83F9A24E6E83F9444E6E8362
:1009300015444E6E2915444EFC29154427FC2915F3
:100940005727FC29D15727FCF5D1572734F5D15724
:10095000DD34F5D1C0DD34F5DBC0DD3462DBC0DD74
:100960009562DBC0999562DB3C999562433C999511
:1009700090433C994190433C000000000000F03F50
:10098000000000000000F0BF000000000000F0BF09
:10099000000000000000F03F83C8C96D305F644173
:1009A000182D4454FB21F93F000000000000F03FE7
:1009B0001C620CFDFFFFDFBF198F06E15355A53FF9
:1009C0009D359AE887C056BFC3F87B024393F93E32
:1009D00003A695595455C5BFC40B23057610813F16
:1009E00024CF7437EB9429BF000000000000F03FD3
:1009F000000000000000F0BF000000000000F0BF99
:100A0000000000000000F03F83C8C96D305F644102
:100A1000182D4454FB21F93F000000000000F0BFF6
:100A20001C620CFDFFFFDF3F198F06E15355A5BF88
:100A30009D359AE887C0563FC3F87B024393F9BEC1
:100A400003A695595455C5BFC40B23057610813FA5
:100A500024CF7437EB9429BFEC030024010C020B64
:100A6000020A020902080302020C060A060B01042C
:100A70000105010801090106010702000003010147
:100A80000007000602010204000500040001000046
:100A9000030B06090002010E010F0202020300000F
:100AA000060000000C00000012000000180000000A
:100AB00000010000060100000C010000120100000E
:100AC0001801000000020000060200000C020000F5
:100AD00012020000180200000003000006030000DC
:100AE0000000FA4500007A460000FA4600803B47C5
:100AF0000080BB4700000000010000000000000073
:100B000000020300000000000102030401020304CC
:100B10000607080901000200040008001000200078
:100B200040008000000100020004000800100020C6
:100B300000400080000002580004025800080258DB
:100B4000000C0258001002580014025800180258F5
:100B5000001C0258002002580024025800280258A5
:100B6000000000000006101600061016D001002438
:100B7000C4010024B8010024AC010024A001002419
:100B800094010024880100247C01002470010024C9
:100B900064010024580100244C010024BC190024E5
:100BA000B0190024A4190024981900248C190024D9
:100BB00080190024741900246819002440010024BD
:100BC00034010024280100241C0100240B00FF0034
:100BD000020000000000000004000000000000000F
:100BE00006000000000000000800000000000000F7
:100BF0000A000000000000000C00000000000000DF
:100C000010000000000000002000000000000000B4
:100C10004000000000000000800000000000000014
:100C200000010000000000000200000004000000BD
:100C300006000000080000000A0000000C00000090
:100C400010000000200000004000000080000000B4
:100C500000010000F8B500BFF8BC08BC9E46704714
:0C0C6000F8B500BFF8BC08BC9E46704709
:080C6C0044FAFE7F01000000C4
:100C74000103000855100008A92600084D35000896
:100C8400353B0008AD470008D1D3000891D80008CF
:040C9400F1E400087F
:040C9800D902000875
:100C9C00000000000800002400000000F404002400
:100CAC005C050024C40500240000000000000000C6
:100CBC000000000000000000000000000000000028
:100CCC000000000000000000000000000000000018
:100CDC000000000000000000000000000000000008
:100CEC0000000000100000000000000000000000E8
:100CFC0000000000000000000000000010000000D8
:100D0C0000000000000000000000000000000000D7
:100D1C0000000000100000000000000000000000B7
:100D2C000000000000000000000000000090D00354
:100D3C000090D00301000000100000000000000033
:100D4C000000000000000000000000000000000097
:100D5C000000000001000000000000000000000086
:100D6C000000000000000000000000000000000077
:100D7C000100000000000000000000000000000066
:100D8C000000000000000000000000000100000056
:100D9C000000000000000000000000000000000047
:100DAC00000000000000000001000000000408002A
:100DBC00000000000000000001050800070800000A
:100DCC0000000000010408000608000000000000FC
:100DDC0000050800000000000000000000040600F0
:100DEC000000000000000000020C060105070000D6
:100DFC0000000000020B06010406000000000000C9
:100E0C00020A06000000000000000000010C0501B1
:100E1C000407010905000000020105010F0502038A
:100E2C0005000000010E0502020500000000000094
:100E3C00030305000000000000000000060A050086
:100E4C000405000000000000010505000705000076
:100E5C00000000000104050006050609050000005D
:100E6C00060B050005050000000000000000000056
:100E7C000000000000000000000000000000000066
:100E8C000000000001000000000000000000000055
:100E9C000000000000000000000000000000000046
:100EAC000100000000000000000000000000000035
:100EBC000000000000000000000000000100000025
:100ECC000000000000000000000000000000000016
:100EDC000000000000000000010000000000000005
:100EEC0000000000000000000000000000000000F6
:100EFC0000000000010000000000000000000000E5
:100F0C0000000000000000000000000000000000D5
:100F1C0001000000000000000000000000000000C4
:100F2C0000000000000000000000000001000000B4
:100F3C0000000000000000000000000000000000A5
:100F4C000000000000000000010000000000000094
:100F5C000000000000000000000000000000000085
:100F6C000000000001000000BC030024B0030024BA
:100F7C00A4030024980300248C0300248003002481
:100F8C0074030024680300245C0300245003002431
:100F9C001825002444030024380300240C250024C5
:100FAC0000250024F42400242C0300242003002416
:100FBC000107080000000000000000000106080006
:100FCC00000000000000000001040B000000000005
:100FDC0000000000060907000000000000000000EF
:100FEC00010C0E03020801050E000000020C0801A2
:100FFC00060E000000000000010808020B080001AA
:10100C0008000000010908020A080000080000009E
:10101C00020B07000000000000000000020A07009D
:10102C0000000000000000000003070000000000AA
:10103C00000000000002070000000000000000009B
:10104C00010707010F040000000000000106070162
:0C105C000E040000000000000B00FF006C
:0400000508000EFDE4
:00000001FF
